Workbook
Name FirstX: #REF!
Name FirstX: 'Propriedades geométricas chavet'!$B$6
Name FirstX: 'Propriedades geométricas LA '!$B$6
Name FirstX: 'Propriedades geométricas VI'!$B$6
Name FirstX: #REF!
Name FirstX: #REF!
Name FirstX: 'Valores "A" e "Y"'!$B$6
Name FirstX: 'Valores "A" e "Y" Alv. Preenc.'!$B$6
Name FirstX: #REF!
Name testex: #REF!
Name testey: #REF!
Name X: OFFSET(FirstX,0,0,COUNT(#REF!))
Name X: OFFSET(FirstX,0,0,COUNT(#REF!))
Name X: OFFSET(Homogeneização!FirstX,0,0,COUNT(#REF!))
Name X: OFFSET('Propriedades geométricas chavet'!FirstX,0,0,COUNT('Propriedades geométricas chavet'!$B$1:$B$65531))
Name X: OFFSET('Propriedades geométricas LA '!FirstX,0,0,COUNT('Propriedades geométricas LA '!$B$1:$B$65531))
Name X: OFFSET('Propriedades geométricas VI'!FirstX,0,0,COUNT('Propriedades geométricas VI'!$B$1:$B$65531))
Name X: OFFSET('Seções '!FirstX,0,0,COUNT(#REF!))
Name X: OFFSET('Seções Compostas'!FirstX,0,0,COUNT(#REF!))
Name X: OFFSET('Valores "A" e "Y"'!FirstX,0,0,COUNT('Valores "A" e "Y"'!$B$1:$B$65531))
Name X: OFFSET('Valores "A" e "Y" Alv. Preenc.'!FirstX,0,0,COUNT('Valores "A" e "Y" Alv. Preenc.'!$B$1:$B$65531))
Name X: OFFSET(FirstX,0,0,COUNT(#REF!))
Name XX: #REF!
Name XXX: #REF!
Name XXXX: #REF!
Name Y: OFFSET('ELU-Cisalhamento'!X,0,1)
Name Y: OFFSET(Frequência!X,0,1)
Name Y: OFFSET(Homogeneização!X,0,1)
Name Y: OFFSET('Propriedades geométricas chavet'!X,0,1)
Name Y: OFFSET('Propriedades geométricas LA '!X,0,1)
Name Y: OFFSET('Propriedades geométricas VI'!X,0,1)
Name Y: OFFSET('Seções '!X,0,1)
Name Y: OFFSET('Seções Compostas'!X,0,1)
Name Y: OFFSET('Valores "A" e "Y"'!X,0,1)
Name Y: OFFSET('Valores "A" e "Y" Alv. Preenc.'!X,0,1)
Name Y: OFFSET(X,0,1)
Name YY: #REF!
Name YYY: #REF!
Name YYYY: #REF!

Sheet ELU-Cisalhamento
C2: CARREGAMENTOS LINEARES | F2: COEFICIENTES DE PONDERAÇÃO
C3: g1 - peso próprio | D3: =Geometria!I73 -> 3.8972079 | F3: γf,g1 | G3: =Geometria!K51 -> 1.3
C4: g2 - peso capa e chaveta | D4: =Geometria!I75+Geometria!I74 -> 2.3825525 | F4: γf,g2 | G4: =Geometria!K52 -> 1.4
C5: g3 - revestimento | D5: =Geometria!I76 -> 3.75 | F5: γf,g3-g4-g5 | G5: =G4 -> 1.4
C6: g4 - alvenaria | D6: =Geometria!I77 -> 0 | F6: γf,q | G6: =G5 -> 1.4
C7: g5 - outras permanentes | F7: γc,pré | G7: =G3 -> 1.3
C8: q1 - acidental 1 | D8: =Geometria!I78 -> 4.75 | F8: γc,capa | G8: =G5 -> 1.4
C9: q2 - acidental 2 | D9: 0 | F9: γs | G9: 1.1
C10: total | D10: =SUM(D3:D9) -> 14.77976 | F10: γp, benéfico | G10: 0.9
C12: 1. Verificação da tensão de cisalhamento na interface entre capa e laje
C14: c | D14: 0.45 | F14: β | G14: =[1]Entrada!K993 -> 0.56966491
C15: fck,capa | D15: =Geometria!H59 -> 30 | F15: h | G15: =Geometria!H23 -> 25
C16: fct,m (fck até 50 Mpa) | D16: =0.3*D15^(2/3) -> 2.8964682 | F16: x (0,5.h) | G16: =0.5*G15 -> 12.5
C17: fct,m (fck > 50 MPa) | D17: =2.12*LN(1+0.1*(D15+8)) -> 3.3254657 | F17: Vsd(x) | G17: =(D3*G3+D4*G4+(D5+D6+D7)*G5+G6*(D8+D9))*(D30-2*G16)/200 -> 97.144801
C18: fct,m adotado | D18: =IF(D15<=50,D16,D17) -> 2.8964682 | F18: d,comp | G18: =Geometria!H23+Geometria!H33-Geometria!N52 -> 26.5
C19: fctk,inf | D19: =0.7*D18 -> 2.0275277 | F19: z | G19: =G18-('[1]ELU-Flexão'!E43*'[1]ELU-Flexão'!F51*0.5) -> 22.989164
C20: fctd,capa | D20: =D19/G4 -> 1.4482341 | F20: b | G20: ='[1]Dados de Entrada'!C8 -> 121.2
C21: fctd,capa | D21: =D20/10 -> 0.14482341 | F21: υEd | G21: =G14*G17/(G19*G20) -> 0.019861554
C22: υRd | D22: =D21*D14 -> 0.065170533 | F22: Situação | G22: =IF(G21<=D22,"Pode-se considerar seção composta!","Considerar laje sem capa!") -> Pode-se considerar seção composta!
C24: Considerar seção composta? | D24: Sim
C26: 2. Verificação de cálculo da resistência à flexo-cortante em regiões fissuradas por flexão e lajes com h ≤ 20 cm
C28: 2.1 Força Cortante de cálculo na seção crítica
C30: Vão total | D30: =Geometria!H21 -> 982
C31: la | D31: 0
C32: h | D32: =Geometria!H23 -> 25
C33: x (0,5.h) | D33: =0.5*D32 -> 12.5
C34: Vão cálculo | D34: =D30-D31-2*D33 -> 957
C35: VSd | D35: =(D34)*0.01*(G3*D3+G4*D4+G5*(D5+D6+D7)+G6*(D8+D9))*0.5 -> 97.144801
C37: 2.2 Verificação das diagonais comprimidas
C39: 2.2.1 Sem capa e Sem alvéolos preenchidos
C41: d (pré) | D41: =Geometria!H23-Geometria!N52 -> 21.5
C42: fck | D42: =Geometria!H58 -> 50
C43: ν | D43: =IF(0.7-D42/200<0.5,0.5,0.7-D42/200) -> 0.5
C44: fcd | D44: =D42/G7 -> 38.461538
C45: ∑bw1 | D45: =Geometria!H27 -> 31
C46: VRd,dc | D46: =0.5*D43*(D44/10)*0.9*D41*D45 -> 576.77885
C47: Situação | D47: =IF(D46>=D35,"Ok, Resiste!","Não Ok!""") -> Ok, Resiste!
C49: d | D49: =G18 -> 26.5
C50: fck | D50: =D42 -> 50
C51: ν | D51: =IF(0.7-D50/200<0.5,0.5,0.7-D50/200) -> 0.5
C52: fcd | D52: =D50/G7 -> 38.461538
C53: ∑bw,1 | D53: =D45 -> 31
C54: VRd,dc | D54: =0.5*D51*(D52/10)*0.9*D49*D53 -> 710.91346 | E54: =IF(D54>=D35,"Ok, Resiste!","Não Ok!""") -> Ok, Resiste!
C56: 2.2.2 Com capa e Sem alvéolos preenchidos
C58: dtot (composto) | D58: =G18 -> 26.5
C59: VRd,dc (capa) | D59: =0.5*D51*(D52/10)*0.9*D58*D53 -> 710.91346 | E59: =IF(D59>=D35,"Ok, Resiste!","Não Ok!""") -> Ok, Resiste!
C61: 2.2.3 Com capa e Com alvéolos preenchidos
C63: alvéolos preenchidos | D63: 2
C64: fck, alvéolo | D64: =Geometria!H58 -> 50
C65: Agregado graúdo alvéolo | D65: Basalto
C66: ∑bw | D66: =D53 -> 31
C67: ∑bw,alv | D67: =D108*VLOOKUP('[1]Dados de Entrada'!C3,'[1]Dados Lajes'!A4:O11,15,FALSE) -> 25
C68: αE | D68: 1.2
C69: Eci,20 a 50 | D69: =D68*5600*SQRT(D64) -> 47517.576
C70: Eci,55 a 90 | D70: =21500*D68*(D64/10+1.25)^(1/3) -> 47524.006
C71: Eci | D71: =IF(D64>50,D70,D69) -> 47517.576
C72: αi | D72: =IF(0.8+0.2*D64/80>1,1,0.8+0.2*D64/80) -> 0.925
C73: Ec,alv | D73: =D72*D71/10 -> 4395.3758
C74: Ec,laje | D74: =Geometria!H867*100 -> 3662.8131
C75: ∑bw2 | D75: =D66+0.5*D67*D73/D74 -> 46
C76: VRd,dc (capa) | D76: =0.5*D51*(D52/10)*0.9*D58*D75 -> 1054.9038 | E76: =IF(D76>=D52,"Ok, Resiste!","Não Ok!""") -> Ok, Resiste!
C78: 2.3 Verificação da força cortante resistente à flexo-cortante de cálculo na seção
C80: 2.3.1 Com capa e Sem alvéolos preenchidos
C82: As | D82: 0
C83: Ap | D83: ='[1]ELS-Tensões'!C28 -> 9.87
C84: fctd | D84: ='[1]ELS-Tensões'!C39/10 -> 0.21924142
C85: ∑bw1 | D85: =VLOOKUP('[1]Dados de Entrada'!C3,'[1]Dados Lajes'!A4:N11,14,FALSE) -> 31
C86: d | D86: =IF(D24=[1]Auxílio!Z6,'[1]Dados de Entrada'!F59-'[1]ELS-Tensões'!C26,'[1]Dados de Entrada'!C56-'[1]ELS-Tensões'!C26) -> 32
C87: ρ1 | D87: =(D82+D83)/(D85*D86) -> 0.0099495968
C88: k | D88: =IF((1.6-D86/100)<1,1,1.6-D86/100) -> 1.28
C89: Vc,1 | D89: =0.25*D84*D88*(1.2+40*D87)*D85*D86 -> 111.21328
C91: Ap,inf | D91: ='[1]ELS-Tensões'!Y422/'[1]ELS-Tensões'!Y418 -> 9.87
C92: Ap,sup | D92: ='[1]ELS-Tensões'!C78 -> 0
C93: σpi,inf | D93: ='[1]ELS-Tensões'!C11 -> 117.04
C94: σpi,sup | D94: ='[1]ELS-Tensões'!G11 -> 91.21805
C95: Np,inf | D95: =D93*D91 -> 1155.1848
C96: Np,sup | D96: =D94*D92 -> 0
C97: Perdas inferiores | D97: ='[1]ELS-Tensões'!Y416 -> 0.21591395
C98: Perdas Superiores | D98: ='[1]ELS-Tensões'!Y417 -> 0.063625901
C99: Np | D99: =D95*(1-D97)+D96*(1-D98) -> 905.76429
C100: Ac | D100: =VLOOKUP('[1]Dados de Entrada'!C3,'[1]Dados Lajes'!A4:C11,3,FALSE) -> 1811.6406
C101: σcp,1 | D101: =D99/D100 -> 0.49996908
C102: Vp,1 | D102: =0.15*D101*D85*D86 -> 74.3954
C104: VRd,fl | D104: =D102+D89 -> 185.60868 | E104: =IF(D104>=D35,"Ok!","Não Ok!") -> Ok!
C106: 2.3.2 Com capa e Com alvéolos preenchidos antes da liberação de protensão
C108: alvéolos preenchidos | D108: 2
C109: fck, alvéolo | D109: 50
C110: Agregado graúdo | D110: Basalto
C111: As | D111: 0
C112: Ap | D112: =D83 -> 9.87
C113: fctd | D113: =D84 -> 0.21924142
C114: ∑bw | D114: =VLOOKUP('[1]Dados de Entrada'!C3,'[1]Dados Lajes'!A4:O11,14,FALSE) -> 31
C115: ∑bw,alv | D115: =D108*VLOOKUP('[1]Dados de Entrada'!C3,'[1]Dados Lajes'!A4:O11,15,FALSE) -> 25
C116: αE | D116: =VLOOKUP(D110,[1]Auxílio!N4:O9,2,FALSE) -> 1.2
C117: Eci,20 a 50 | D117: =D116*5600*SQRT(D109) -> 47517.576
C118: Eci,55 a 90 | D118: =21500*D116*(D109/10+1.25)^(1/3) -> 47524.006
C119: Eci | D119: =IF(D109>50,D118,D117) -> 47517.576
C120: αi | D120: =IF(0.8+0.2*D109/80>1,1,0.8+0.2*D109/80) -> 0.925
C121: Ec,alv | D121: =D120*D119/10 -> 4395.3758
C122: Ec,laje | D122: ='[1]ELU-Flexão'!F9 -> 3662.8131
...

Sheet Geometria
G1: Homogeneizar seção? | H1: TRUE | I1: Deformações t=1 | K1: =L1000 -> -1.4113561 | L1: =IF(H23=20,"CALCULAR PELO MÉTODO ANTIGO","Método de cálculo") -> Método de cálculo | M1: NBR 14861/2022
I2: Deformações diferidas - t=inf | K2: =H1000 -> 0.14922692 | L2: Cortante | M2: =M13 -> 96.579745
I3: As | K3: =CONCATENATE(L24, " + ",L20) -> 8Ø12,7mm + 0 | L3: Vrd | M3: =M15 -> 136.86824
G5: Cargas atuantes
G6: Sobrecarga da laje = q0 | H6: 300 | I6: kgf/m² | L6: =H857 -> Domínio 3
G7: Laje = g1 | I7: kgf/m²
G8: Revestimento = g2 | H8: 300 | I8: kgf/m²
G9: Alvenaria = g3 | H9: =H11/100*H12*H13/100 -> 0 | I9: kgf/m | L9: Método de cálculo | M9: =IF(L1="CALCULAR PELO MÉTODO ANTIGO","NBR 14861/2002",M1) -> NBR 14861/2022
G11: e,alv | H11: 0 | I11: cm | L11: Preencher alvéolos? (Qtd) | M11: 0
G12: y,alv | H12: 1800 | I12: kgf/m²
G13: h,alv | H13: 220 | I13: cm | L13: Vd | M13: =IF(M9="NBR 14861/2022",'Cisalhamento 14861'!$C$132,((I73*K51)+(I74+I75+I76+I77+I78)*K52)*(H21/100)/2) -> 96.579745
G15: Considerar solidarização | I15: 1 - Sim | L15: Vrd,mín | M15: =IF(M9="NBR 14861/2022",'Cisalhamento 14861'!$C$133,H1214) -> 136.86824
G16: Seção | I16: 1 - Retângular
G17: Tipo de alveolo | I17: 2 - Não Circular | L17: =IF(M9="NBR 14861/2022",IF('Cisalhamento 14861'!$C$135="Ok!","Cisalhamento Ok","Reprova no cisalhamento"),IF(M13>M15,"Reprova no cisalhamento","Cisalhamento Ok")) -> Cisalhamento Ok | AD17: Tabela 11.2 – Valores do coeficiente γf2
G19: Geometria da viga retângular | L19: As'
H20: Simples | I20: Composta | L20: =IF(SUM(J131,J133,J135,J137)>0,(CONCATENATE(SUM(J131,J133,J135,J137),"Ø",H138,"mm")),) -> 0 | AK20: Ações | AL20: γf2
G21: L,vão | H21: 982 | J21: Tamanho da laje. | AL21: Ψ0 | AM21: Ψ1 | AN21: Ψ2
G22: bw | H22: 125 | J22: Largura da laje. | AK22: Cargas de utilização de edificações
G23: h | H23: 25 | J23: Altura da laje. | L23: As | AK23: Locais em que não há predominância de pesos de equipamentos que permanecem fixos por longos períodos de tempo, nem de elevadas concentrações de pessoas b | AL23: 0.5 | AM23: 0.4 | AN23: 0.3
G24: y'.1 | H24: =IF(H1=TRUE,Homogeneização!L13,'Propriedades geométricas VI'!M7) -> 12.451124 | I24: =IF(H1=TRUE,Homogeneização!L34,IF(I15="1 - Sim",'Propriedades geométricas LA '!M7,H24)) -> 16.001789 | J24: Centro de gravidade até a borda inferiror. | L24: =CONCATENATE(SUM(J118,J120,J122,J124),"Ø",H121,"mm") -> 8Ø12,7mm
G25: y'.2 | H25: =IF(H1=TRUE,Homogeneização!L12,'Propriedades geométricas VI'!M8) -> 12.548876 | I25: =IF(H1=TRUE,Homogeneização!L33,IF(I15="1 - Sim",'Propriedades geométricas LA '!M8,H25)) -> 13.998211 | J25: Centro de gravidade até a borda superior.
G26: La | H26: 14 | J26: Comprimento de apoio em viga.
G27: bw,ef | H27: 31 | J27: Largura da base considerando somente concreto. | L27: Deformações t=1 | AK27: Locais em que há predominância de pesos de equipamentos que permanecem fixos por longos períodos de tempo, ou de elevada concentração de pessoas c | AL27: 0.7 | AM27: 0.6 | AN27: 0.4
L28: =L1000 -> -1.4113561
G29: Geometria da mesa colaborante | AK29: Biblioteca, arquivos, oficinas e garagens | AL29: 0.8 | AM29: 0.7 | AN29: 0.6
G30: H,laje | H30: =H23 -> 25 | J30: Altura da laje.
G31: L,mc | H31: ='Seções '!B10-'Seções '!B9 -> 121.19 | I31: =IF(I15="1 - Sim",H31*H67,0) -> 93.87337 | J31: Largura da mesa colaborante. | L31: Deformações diferidas - t=inf | AK31: Vento
G32: L,apoio | H32: =H22 -> 125 | I32: =IF(I15="1 - Sim",H32*H67,0) -> 96.824584 | J32: Largura de apoio da mesa colaborante. | L32: =H1000 -> 0.14922692 | AK32: Pressão dinâmica do vento nas estruturas em geral | AL32: 0.6 | AM32: 0.3 | AN32: 0
G33: H,capa | H33: 5 | J33: Altura da capa de concreto.
G34: Hy,capa | H34: 7 | I34: =H33+3 -> 8 | J34: Altura da capa de concreto considerando contraflechas. | AK34: Temperatura
G35: Dados | AK35: Variações uniformes de temperatura em relação à média anual local | AL35: 0.6 | AM35: 0.5 | AN35: 0.3
G36: Ac | H36: =IF(H1=TRUE,Homogeneização!L9,'Propriedades geométricas VI'!M6) -> 1558.8832 | I36: =IF(H1=TRUE,Homogeneização!L30,IF(I15="1 - Sim",'Propriedades geométricas LA '!M6,H36)) -> 2017.6942 | J36: Área de concreto da seção transversal.
G37: Ic | H37: =IF(H1=TRUE,Homogeneização!L15,'Propriedades geométricas VI'!M9) -> 124422.7 | I37: =IF(H1=TRUE,Homogeneização!L36,IF(I15="1 - Sim",'Propriedades geométricas LA '!M9,H37)) -> 205322.42 | J37: Inércia da seção transversal.
G38: hcg,sup | H38: =H167/100 -> 0.094511237 | J38: Altura do centro de gravidade até o centro da armadura superior.
G39: hcg,inf | H39: =H169/100 -> 0.12548876 | J39: Altura do centro de gravidade até o centro da armadura inferior.
G40: W,sup | H40: =IF(H1=TRUE,Homogeneização!L20,'Propriedades geométricas VI'!M11) -> 9915.0468 | I40: =IF(H1=TRUE,Homogeneização!L41,IF(I15="1 - Sim",'Propriedades geométricas LA '!M11,H40)) -> 14667.761 | J40: Módulo resistente da fibra superior.
G41: W,inf | H41: =IF(H1=TRUE,Homogeneização!L21,'Propriedades geométricas VI'!M10) -> 9992.8889 | I41: =IF(H1=TRUE,Homogeneização!L42,IF(I15="1 - Sim",'Propriedades geométricas LA '!M10,H41)) -> 12831.216 | J41: Módulo resistente da fibra inferior.
G42: K1 | H42: =H41/H36 -> 6.4102873 | J42: Distância nuclear inferior.
G43: K2 | H43: =H40/H36 -> 6.3603528 | J43: Distância nuclear superior.
G44: Rendimento | H44: =(H43+H42)/H23 -> 0.5108256 | J44: Rendimento da protensão.
G45: σ,f | H45: 1.3 | J45: Coeficiente devido a geometria da seção transversal
G48: 3. Coeficientes de cargas
G50: Tabela 11.2 | J50: Coeficientes majoradores | M50: Dados do projeto
G51: Ψ0 | H51: 0.7 | J51: yf,PP | K51: 1.3 | M51: σ | N51: 1.3
G52: Ψ1 | H52: 0.6 | J52: yf,2 | K52: 1.4 | M52: c | N52: 3.5
G53: Ψ2 | H53: 0.4
G55: 2 . Resistência dos materiais
G57: fyk = | H57: 500 | I57: MPa | J57: Resistência caracterítica ao escoamento das barras de aço.
G58: fck = | H58: 50 | I58: MPa | J58: Resistência característica à compressão do concreto.
G59: fck,laje = | H59: 30 | I59: MPa | J59: Resistência característica à compressão do concreto da laje.
G60: Fckj = | H60: =H58*0.7 -> 35 | I60: MPa | J60: Resistência característica à compressão do concreto t=1.
G61: Lpista = | H61: 130 | I61: m | J61: Tamanho da pista de protensão.
G62: Cimento = | H62: CPV-ARI | J62: Cimento utilizado na concretagem da viga.
G63: Cimento da capa = | H63: CPI E CPII | J63: Cimento utilizado na concretagem da capa da laje.
G65: 3 . Redução da largura da mesa colaborante
G67: r = Ecapa / Eviga | H67: =H882/H866 -> 0.77459667 | I67: Por conta da diferença de concreto entre a viga e a solidarização, deve ser feito uma redução da largura da mesa colaborante
G69: Cargas
I70: =(('Propriedades geométricas chavet'!M6/100^2)*25) -> 0.1950525
H72: sobrecargas | K72: Sobrecargas adicionais
H73: g0 | I73: =(H36/100^2)*25+K73 -> 3.8972079 | J73: kN/m | K73: 0 | L73: kN/m | M73: (Peso próprio)
H74: g1 | I74: =H1212/(H21/100)+K74+(('Propriedades geométricas chavet'!M6/100^2)*25) -> 0.1950525 | J74: kN/m | K74: 0 | L74: kN/m | M74: (Peso alvéolo + chavet)
H75: g2 | I75: =(H34/100)*(H22/100)*25+K75 -> 2.1875 | J75: kN/m | K75: 0 | L75: kN/m | M75: (Capa de concreto)
H76: g3 | I76: =(H8/100)*(H22/100)+K76 -> 3.75 | J76: kN/m | K76: 0 | L76: kN/m | M76: (Revestimento)
H77: g4 | I77: =H9+K77 -> 0 | J77: kN/m | K77: 0 | L77: kN/m | M77: (Alvenaria)
H78: q0 | I78: =(H6/100)*(H32/100)+K78 -> 4.75 | J78: kN/m | K78: 1 | L78: kN/m | M78: (Sobrecarga acidental0
I79: =SUM(I73:I78) -> 14.77976
I80: Solicitações
G81: yc | H81: =K51 -> 1.3 | I81: M,g0 | J81: =(I73*(H21/100)^2)/8 -> 46.977139 | K81: kN*m | L81: =J81*100 -> 4697.7139 | M81: kN*cm
G82: yc | H82: =K52 -> 1.4 | I82: M,g1 | J82: =(I74*(H21/100)^2)/8 -> 2.3511726 | K82: kN*m | L82: =J82*100 -> 235.11726 | M82: kN*cm
G83: yf,g0,g1 | H83: =K51 -> 1.3 | I83: M,g2 | J83: =(I75*(H21/100)^2)/8 -> 26.368234 | K83: kN*m | L83: =J83*100 -> 2636.8234 | M83: kN*cm
G84: yf,g+q | H84: =K52 -> 1.4 | I84: M,g3 | J84: =(I76*(H21/100)^2)/8 -> 45.202688 | K84: kN*m | L84: =J84*100 -> 4520.2688 | M84: kN*cm
G85: Ψ1,cf | H85: =H52 -> 0.6 | I85: M,g4 | J85: =(I77*(H21/100)^2)/8 -> 0 | K85: kN*m | L85: =J85*100 -> 0 | M85: kN*cm
G86: Ψ2,cqp | H86: =H53 -> 0.4 | I86: M,q0 | J86: =(I78*(H21/100)^2)/8 -> 57.256737 | K86: kN*m | L86: =J86*100 -> 5725.6737 | M86: kN*cm
J87: =SUM(J81:J86) -> 178.15597
G90: Protensão limitada
G92: ELS-F = Combinação frequente Ψ1 e com limite da resistência a tração de 0,7fctm
H94: fctkinf = | I94: =(0.21*(H58*H58)^(1/3)) -> 2.8501385 | J94: Mpa | K94: fctkjinf = | L94: =(0.21*(H60*H60)^(1/3)) -> 2.2469737 | M94: Mpa | AB94: ='Propriedades geométricas VI'!B7 -> 0.95 | AC94: ='Propriedades geométricas VI'!C7 -> 0 | AE94: ='Propriedades geométricas LA '!B7 -> 0.95 | AF94: ='Propriedades geométricas LA '!C7 -> 0
I95: =I94*1000 -> 2850.1385 | J95: kN/m² | L95: =L94*1000 -> 2246.9737 | M95: kN/m² | AB95: ='Propriedades geométricas VI'!B8 -> 0.19 | AC95: ='Propriedades geométricas VI'!C8 -> 0.76 | AE95: ='Propriedades geométricas LA '!B8 -> 0.19 | AF95: ='Propriedades geométricas LA '!C8 -> 0.76
AB96: ='Propriedades geométricas VI'!B9 -> 0 | AC96: ='Propriedades geométricas VI'!C9 -> 2.2 | AE96: ='Propriedades geométricas LA '!B9 -> 0 | AF96: ='Propriedades geométricas LA '!C9 -> 2.2
G97: ELS-D = Combinação quase permanente Ψ2 e com limite de tensão < 0 | AB97: ='Propriedades geométricas VI'!B10 -> 3 | AC97: ='Propriedades geométricas VI'!C10 -> 5 | AE97: ='Propriedades geométricas LA '!B10 -> 3 | AF97: ='Propriedades geométricas LA '!C10 -> 5 | AQ97: Detalhamento - inferior | AU97: Detalhamento - superior
AB98: ='Propriedades geométricas VI'!B11 -> 3 | AC98: ='Propriedades geométricas VI'!C11 -> 19 | AE98: ='Propriedades geométricas LA '!B11 -> 3 | AF98: ='Propriedades geométricas LA '!C11 -> 19 | AQ98: 3.5 | AR98: 5.13 | AS98: =IF(AQ98=0,NA(),AQ98) -> 3.5 | AT98: =AR98 -> 5.13 | AU98: =IF(J137=0,0,(H23-L137)) -> 0 | AV98: 5.13 | AW98: =IF(AU98=0,NA(),AU98) -> #N/A | AX98: =AV98 -> 5.13
G99: Tensão inicial | AB99: ='Propriedades geométricas VI'!B12 -> 1.65 | AC99: ='Propriedades geométricas VI'!C12 -> 21.5 | AE99: ='Propriedades geométricas LA '!B12 -> 1.65 | AF99: ='Propriedades geométricas LA '!C12 -> 21.5 | AQ99: =IF(AT99=0,,3.5) -> 3.5 | AR99: 21.63 | AS99: =IF(AQ99=0,NA(),AQ99) -> 3.5 | AT99: =IF(J124=4,NA(),AR99) -> 21.63 | AU99: =IF(J137=0,0,(IF(AX99=0,,H23-L137))) -> 0 | AV99: 21.63 | AW99: =IF(AU99=0,NA(),AU99) -> #N/A | AX99: =IF(J137=4,NA(),AR99) -> 21.63
AB100: ='Propriedades geométricas VI'!B13 -> 1.65 | AC100: ='Propriedades geométricas VI'!C13 -> 25 | AE100: ='Propriedades geométricas LA '!B13 -> 1.65 | AF100: ='Propriedades geométricas LA '!C13 -> 25 | AQ100: 3.5 | AR100: 37.88 | AS100: =IF(AQ100=0,NA(),AQ100) -> 3.5 | AT100: =AR100 -> 37.88 | AU100: =IF(J137=0,0,(IF(AX100=0,,H23-L137))) -> 0 | AV100: 37.88 | AW100: =IF(AU100=0,NA(),AU100) -> #N/A | AX100: =AV100 -> 37.88
I101: =0.77*1900 -> 1463 | J101: Mpa | K101: σpi,sup = | L101: por norma não se utiliza mais 0,85 fptk | AB101: ='Propriedades geométricas VI'!B14 -> 122.85 | AC101: ='Propriedades geométricas VI'!C14 -> 25 | AE101: ='Propriedades geométricas LA '!B14 -> 15.309442 | AF101: ='Propriedades geométricas LA '!C14 -> 25 | AQ101: =IF(AT101=FALSE,,3.5) -> 3.5 | AR101: 52.45 | AS101: =IF(AQ101=0,NA(),AQ101) -> 3.5 | AT101: =IF(J124=8,(AR101+AR102)/2,IF(J124=4,NA(),IF(J124=10,AR101))) -> 54.125 | AU101: =IF(AX101=FALSE,,H23-L124) -> 0 | AV101: 52.45 | AW101: =IF(AU101=0,NA(),AU101) -> #N/A | AX101: =IF(J137=8,(AV101+AV102)/2,IF(J137=4,NA(),IF(J137=10,AV101))) -> FALSE
AB102: ='Propriedades geométricas VI'!B15 -> 122.85 | AC102: ='Propriedades geométricas VI'!C15 -> 21.5 | AE102: ='Propriedades geométricas LA '!B15 -> 15.309442 | AF102: ='Propriedades geométricas LA '!C15 -> 30 | AQ102: =IF(AT102=FALSE,,3.5) -> 3.5 | AR102: 55.8 | AS102: =IF(AQ102=0,NA(),AQ102) -> 3.5 | AT102: =IF(J124=8,(AR101+AR102)/2,IF(J124=4,NA(),IF(J124=10,AR102))) -> 54.125 | AU102: =IF(AX102=FALSE,,H23-L124) -> 0 | AV102: 55.8 | AW102: =IF(AU102=0,NA(),AU102) -> #N/A | AX102: =IF(J137=8,(AV101+AV102)/2,IF(J137=4,NA(),IF(J137=10,AV102))) -> FALSE
H103: Alongamento | I103: 80 | J103: % | AB103: ='Propriedades geométricas VI'!B16 -> 121.5 | AC103: ='Propriedades geométricas VI'!C16 -> 19 | AE103: ='Propriedades geométricas LA '!B16 -> 109.19056 | AF103: ='Propriedades geométricas LA '!C16 -> 30 | AQ103: =IF(AT103=FALSE,,3.5) -> 3.5 | AR103: 68.7 | AS103: =IF(AQ103=0,NA(),AQ103) -> 3.5 | AT103: =IF(J124=8,(AR103+AR104)/2,IF(J124=4,NA(),IF(J124=10,AR104))) -> 70.375 | AU103: =IF(AX103=FALSE,,H23-L137) -> 0 | AV103: 68.7 | AW103: =IF(AU103=0,NA(),AU103) -> #N/A | AX103: =IF(J137=8,(AV103+AV104)/2,IF(J137=4,NA(),IF(J137=10,AV104))) -> FALSE
H104: σpi = | I104: =MIN(I101) -> 1463 | J104: Mpa | L104: =L105*10 -> 500 | M104: Mpa | AB104: ='Propriedades geométricas VI'!B17 -> 121.5 | AC104: ='Propriedades geométricas VI'!C17 -> 5 | AE104: ='Propriedades geométricas LA '!B17 -> 109.19056 | AF104: ='Propriedades geométricas LA '!C17 -> 25 | AQ104: =IF(AT104=FALSE,,3.5) -> 3.5 | AR104: 72.05 | AS104: =IF(AQ104=0,NA(),AQ104) -> 3.5 | AT104: =IF(J124=8,(AR103+AR104)/2,IF(J124=4,NA(),IF(J124=10,AR103))) -> 70.375 | AU104: =IF(AX104=FALSE,,H23-L137) -> 0 | AV104: 72.05 | AW104: =IF(AU104=0,NA(),AU104) -> #N/A | AX104: =IF(J137=8,(AV103+AV104)/2,IF(J137=4,NA(),IF(J137=10,AV103))) -> FALSE
H105: Tensão corrijida = | I105: =(I104/10)*(I103/100) -> 117.04 | J105: kN/cm² | L105: 50 | M105: kN/cm² | AB105: ='Propriedades geométricas VI'!B18 -> 124.5 | AC105: ='Propriedades geométricas VI'!C18 -> 2.2 | AE105: ='Propriedades geométricas LA '!B18 -> 122.85 | AF105: ='Propriedades geométricas LA '!C18 -> 25 | AQ105: 3.5 | AR105: 86.63 | AS105: =IF(AQ105=0,NA(),AQ105) -> 3.5 | AT105: =AR105 -> 86.63 | AU105: =IF(J137=0,0,(IF(AX105=FALSE,,H23-L137))) -> 0 | AV105: 86.63 | AW105: =IF(AU105=0,NA(),AU105) -> #N/A | AX105: =AV105 -> 86.63
AB106: ='Propriedades geométricas VI'!B19 -> 124.31 | AC106: ='Propriedades geométricas VI'!C19 -> 0.76 | AE106: ='Propriedades geométricas LA '!B19 -> 122.85 | AF106: ='Propriedades geométricas LA '!C19 -> 21.5 | AQ106: =IF(AT106=0,,3.5) -> 3.5 | AR106: 102.88 | AS106: =IF(AQ106=0,NA(),AQ106) -> 3.5 | AT106: =IF(J124=4,NA(),AR106) -> 102.88 | AU106: =IF(J137=0,0,(IF(AX106=0,,H23-L137))) -> 0 | AV106: 102.88 | AW106: =IF(AU106=0,NA(),AU106) -> #N/A | AX106: =IF(J137=4,NA(),AV106) -> 102.88
G107: Estimativa do número de cabos no tempo infinito | AB107: ='Propriedades geométricas VI'!B20 -> 123.55 | AC107: ='Propriedades geométricas VI'!C20 -> 0 | AE107: ='Propriedades geométricas LA '!B20 -> 121.5 | AF107: ='Propriedades geométricas LA '!C20 -> 19 | AQ107: 3.5 | AR107: 119.38 | AS107: =IF(AQ107=0,NA(),AQ107) -> 3.5 | AT107: =AR107 -> 119.38 | AU107: =IF(J137=0,0,(IF(AX107=0,,H23-L137))) -> 0 | AV107: 119.38 | AW107: =IF(AU107=0,NA(),AU107) -> #N/A | AX107: =AV107 -> 119.38
AB108: ='Propriedades geométricas VI'!B21 -> 111.05 | AC108: ='Propriedades geométricas VI'!C21 -> 0 | AE108: ='Propriedades geométricas LA '!B21 -> 121.5 | AF108: ='Propriedades geométricas LA '!C21 -> 5
K109: Área de aço cordoalhas | AB109: ='Propriedades geométricas VI'!B22 -> 111.05 | AC109: ='Propriedades geométricas VI'!C22 -> 3 | AE109: ='Propriedades geométricas LA '!B22 -> 124.5 | AF109: ='Propriedades geométricas LA '!C22 -> 2.2
G110: %,perda | H110: 20 | I110: Perda de protensão | K110: 0 | L110: 0 | M110: 0 | AB110: ='Propriedades geométricas VI'!B23 -> 114.1 | AC110: ='Propriedades geométricas VI'!C23 -> 3 | AE110: ='Propriedades geométricas LA '!B23 -> 124.31 | AF110: ='Propriedades geométricas LA '!C23 -> 0.76
K111: 9.5 | L111: 55.5 | M111: =L111/100 -> 0.555 | N111: cm² | AB111: ='Propriedades geométricas VI'!B24 -> 117.25 | AC111: ='Propriedades geométricas VI'!C24 -> 5.8 | AE111: ='Propriedades geométricas LA '!B24 -> 123.55 | AF111: ='Propriedades geométricas LA '!C24 -> 0
G112: σpinf= | H112: =I105*(100-H110)/100 -> 93.632 | I112: kN/cm² | K112: 12.7 | L112: 101.4 | M112: 0.987 | N112: cm² | AB112: ='Propriedades geométricas VI'!B25 -> 117.25 | AC112: ='Propriedades geométricas VI'!C25 -> 15.75 | AE112: ='Propriedades geométricas LA '!B25 -> 111.05 | AF112: ='Propriedades geométricas LA '!C25 -> 0
K113: 15.2 | L113: 143.5 | M113: =L113/100 -> 1.435 | N113: cm² | AB113: ='Propriedades geométricas VI'!B26 -> 117.18 | AC113: ='Propriedades geométricas VI'!C26 -> 16.66 | AE113: ='Propriedades geométricas LA '!B26 -> 111.05 | AF113: ='Propriedades geométricas LA '!C26 -> 3
G114: ELS-F | AB114: ='Propriedades geométricas VI'!B27 -> 116.92 | AC114: ='Propriedades geométricas VI'!C27 -> 17.76 | AE114: ='Propriedades geométricas LA '!B27 -> 114.1 | AF114: ='Propriedades geométricas LA '!C27 -> 3
G115: Ap > | H115: =(-I95 + ((J81+J82+J83)/(H41/100^3)) + ((J84+J85)/(I41/100^3)) + (H52*J86/(I41/100^3))) / ((H112/(H36/100^2)) + (H112*H39/(H41/100^3))) -> 6.149999 | I115: cm² | AB115: ='Propriedades geométricas VI'!B28 -> 116.43 | AC115: ='Propriedades geométricas VI'!C28 -> 18.84 | AE115: ='Propriedades geométricas LA '!B28 -> 117.25 | AF115: ='Propriedades geométricas LA '!C28 -> 5.8
J116: Cordoalha inferior | AB116: ='Propriedades geométricas VI'!B29 -> 115.87 | AC116: ='Propriedades geométricas VI'!C29 -> 19.66 | AE116: ='Propriedades geométricas LA '!B29 -> 117.25 | AF116: ='Propriedades geométricas LA '!C29 -> 15.75
G117: ELS-D | J117: Quarta Camada | L117: h | AB117: ='Propriedades geométricas VI'!B30 -> 115.23 | AC117: ='Propriedades geométricas VI'!C30 -> 20.35 | AE117: ='Propriedades geométricas LA '!B30 -> 117.18 | AF117: ='Propriedades geométricas LA '!C30 -> 16.66
...

Sheet Cisalhamento 14861
B1: VERIFICAÇÃO DA FORÇA CORTANTE – NBR 14861:2022 (complemento da aba Geometria)
B2: Células sombreadas = entrada. Demais valores vêm da aba Geometria. Unidades: kN, cm (salvo indicação). O resumo final alimenta a tabela Vd / VRd do topo da aba Geometria.
B4: 0. Parâmetros complementares (entrada)
B5: γc,pré | C5: 1.3 | D5: – | E5: Coeficiente de ponderação do concreto da laje pré-fabricada (NBR 9062 – produção com controle rigoroso). Mesmo valor da planilha de apoio.
B6: γc,capa | C6: 1.4 | D6: – | E6: Coeficiente de ponderação do concreto moldado no local (capa).
B7: Preenchimento dos alvéolos | C7: Antes da liberação | E7: Antes da liberação: σcp = Np/Ac,2 atua em Σbw,2 (preenchido fresco na pista). Após a liberação: o preenchimento não recebe protensão → Vp = 0,15·σcp,1·Σbw,1·d.
B8: fck,alv | C8: =Geometria!H58 -> 50 | D8: MPa | E8: fck do concreto de preenchimento (padrão = concreto da laje). Se o preenchimento for feito na obra, informar o fck do graute/concreto usado.
B9: αE,alv | C9: =Geometria!H864 -> 1 | D9: – | E9: Agregado do preenchimento: 1,2 basalto/diabásio · 1,0 granito/gnaisse · 0,9 calcário · 0,7 arenito.
B10: c (interface) | C10: 0.45 | D10: – | E10: Coeficiente da interface capa × laje: 0,45 superfície não lisa · 0,35 superfície lisa (fck ≥ 30 MPa).
B11: γp (favorável) | C11: 0.9 | D11: – | E11: Coeficiente de ponderação da protensão favorável no ELU (NBR 6118, 11.7.1), aplicado em σcp (tração diagonal e flexo-cortante). Usar 1,0 para reproduzir a planilha de apoio.
B12: 1. Seção transversal (propriedades brutas, sem homogeneização)
B13: h | C13: =Geometria!H23 -> 25 | D13: cm | E13: Altura da laje pré-fabricada.
B14: Capa estrutural | C14: =IF(Geometria!I15="1 - Sim","Sim","Não") -> Sim | E14: Conforme 'Considerar solidarização' (Geometria I15).
B15: hcapa | C15: =IF(C14="Sim",Geometria!H33,0) -> 5 | D15: cm | E15: Espessura de capa considerada.
B16: d'p | C16: =Geometria!H144 -> 3 | D16: cm | E16: Posição do CG da armadura ativa inferior em relação à face inferior.
B17: d (pré) | C17: =C13-C16 -> 22 | D17: cm | E17: Altura útil da seção pré-fabricada.
B18: d (serviço) | C18: =C13+C15-C16 -> 27 | D18: cm | E18: Altura útil da seção em serviço (com capa, se houver).
B19: Σbw | C19: =Geometria!H27 -> 31 | D19: cm | E19: Soma das larguras das nervuras.
B20: Ac | C20: ='Propriedades geométricas VI'!M6 -> 1513.0702 | D20: cm² | E20: Área bruta da seção pré-fabricada.
B21: ycg | C21: ='Propriedades geométricas VI'!M7 -> 12.737286 | D21: cm | E21: CG da seção pré-fabricada até a face inferior.
B22: I | C22: ='Propriedades geométricas VI'!M9 -> 120206.61 | D22: cm⁴ | E22: Inércia bruta da seção pré-fabricada.
B23: nº de nós | C23: =COUNT('Propriedades geométricas VI'!$B$6:$B$400) -> 253 | D23: – | E23: Nós do polígono da seção (aba 'Propriedades geométricas VI').
B24: A,sup | C24: =ABS(SUMPRODUCT((((OFFSET('Propriedades geométricas VI'!$C$6,0,0,$C$23-1,1))+$C$21+ABS((OFFSET('Propriedades geométricas VI'!$C$6,0,0,$C$23-1,1))-$C$21))/2-((OFFSET('Propriedades geométricas VI'!$C$7,0,0,$C$23-1,1))+$C$21+ABS((OFFSET('Propriedades geométricas VI'!$C$7,0,0,$C$23-1,1))-$C$21))/2)*((OFFSET('Propriedades geométricas VI'!$B$6,0,0,$C$23-1,1))+(OFFSET('Propriedades geométricas VI'!$B$7,0,0,$C$23-1,1)))))/2 -> 774.56433 | D24: cm² | E24: Área acima do CG (polígono recortado em y = ycg).
B25: Q,sup | C25: =ABS(SUMPRODUCT(((OFFSET('Propriedades geométricas VI'!$B$7,0,0,$C$23-1,1))-(OFFSET('Propriedades geométricas VI'!$B$6,0,0,$C$23-1,1)))*((((OFFSET('Propriedades geométricas VI'!$C$6,0,0,$C$23-1,1))+$C$21+ABS((OFFSET('Propriedades geométricas VI'!$C$6,0,0,$C$23-1,1))-$C$21))/2+((OFFSET('Propriedades geométricas VI'!$C$7,0,0,$C$23-1,1))+$C$21+ABS((OFFSET('Propriedades geométricas VI'!$C$7,0,0,$C$23-1,1))-$C$21))/2)^2+(((OFFSET('Propriedades geométricas VI'!$C$7,0,0,$C$23-1,1))+$C$21+ABS((OFFSET('Propriedades geométricas VI'!$C$7,0,0,$C$23-1,1))-$C$21))/2-((OFFSET('Propriedades geométricas VI'!$C$6,0,0,$C$23-1,1))+$C$21+ABS((OFFSET('Propriedades geométricas VI'!$C$6,0,0,$C$23-1,1))-$C$21))/2)^2/3)))/8 -> 16082.448 | D25: cm³ | E25: Momento estático da área acima do CG em relação à base.
B26: y,sup | C26: =C25/C24-C21 -> 8.0259323 | D26: cm | E26: Distância do CG da área acima ao CG da seção.
B27: S | C27: =C24*C26 -> 6216.6009 | D27: cm³ | E27: Momento estático no CG – seção pré-fabricada.
B28: I' | C28: =IF(C14="Sim",'Propriedades geométricas LA '!M9,C22) -> 199263.1 | D28: cm⁴ | E28: Inércia da seção composta (capa com largura reduzida por Ecapa/Elaje).
B29: S' | C29: =IF(C14="Sim",'Valores "A" e "Y"'!M6*'Valores "A" e "Y"'!M16,C27) -> 8442.5163 | D29: cm³ | E29: Momento estático no CG da seção composta.
B30: n,alv | C30: =Geometria!M11 -> 0 | D30: – | E30: Número de alvéolos preenchidos (topo da aba Geometria).
B31: b,alv | C31: =Geometria!H1204*100 -> 12.5 | D31: cm | E31: Largura do alvéolo.
B32: A,alv | C32: =VLOOKUP(Geometria!H23,Geometria!L1204:M1206,2,FALSE)*10000 -> 212 | D32: cm² | E32: Área de um alvéolo (tabela Geometria L1204:M1206).
B33: hpc | C33: =Geometria!H1050 -> 5.8 | D33: cm | E33: Altura do ponto crítico na nervura (menor largura).
B35: 2. Materiais
B36: fck | C36: =Geometria!H58 -> 50 | D36: MPa | E36: Concreto da laje.
B37: fctk,inf | C37: =IF(C36<=50,0.21*C36^(2/3),0.7*2.12*LN(1+0.11*C36)) -> 2.8501385 | D37: MPa | E37: NBR 6118, 8.2.5.
B38: fctd | C38: =C37/C5/10 -> 0.21924142 | D38: kN/cm² | E38: fctk,inf/γc,pré
B39: fcd | C39: =C36/C5/10 -> 3.8461538 | D39: kN/cm² | E39: fck/γc,pré
B40: fck,capa | C40: =Geometria!H59 -> 30 | D40: MPa | E40: Concreto da capa.
B41: fctd,capa | C41: =IF(C40<=50,0.21*C40^(2/3),0.7*2.12*LN(1+0.11*C40))/C6/10 -> 0.14482341 | D41: kN/cm² | E41: fctk,inf,capa/γc,capa
B42: fcd,capa | C42: =C40/C6/10 -> 2.1428571 | D42: kN/cm² | E42: fck,capa/γc,capa
B43: Ecs,laje | C43: =Geometria!H867*100 -> 3662.8131 | D43: kN/cm² | E43: Módulo secante do concreto da laje.
B44: Ecs,alv | C44: =IF(C8<=50,C9*5600*SQRT(C8),21500*C9*(C8/10+1.25)^(1/3))*MIN(1,0.8+0.2*C8/80)/10 -> 3662.8131 | D44: kN/cm² | E44: Módulo secante do concreto de preenchimento.
B45: Ecs,alv/Ecs,laje | C45: =C44/C43 -> 1 | D45: – | E45: Relação usada em Σbw,2.
B47: 3. Protensão
B48: Ap,inf | C48: =Geometria!H166 -> 7.896 | D48: cm²
B49: Ap,sup | C49: =Geometria!H168 -> 0 | D49: cm²
B50: σp∞,inf | C50: =Geometria!J237 -> 97.193035 | D50: kN/cm² | E50: Tensão após todas as perdas.
B51: σp∞,sup | C51: =Geometria!J238 -> 35.103831 | D51: kN/cm² | E51: Tensão após todas as perdas.
B52: Np∞ | C52: =C48*C50+C49*C51 -> 767.43621 | D52: kN
B53: lbpt,inf | C53: =Geometria!H1020 -> 64.517258 | D53: cm | E53: Comprimento de transferência (aba Geometria).
B54: lbpt,sup | C54: =Geometria!H1019 -> 21.055037 | D54: cm | E54: Comprimento de transferência (aba Geometria).
B55: lpt2,inf | C55: =1.2*C53 -> 77.42071 | D55: cm | E55: Valor de cálculo: lpt2 = 1,2·lbpt
B56: lpt2,sup | C56: =1.2*C54 -> 25.266044 | D56: cm
B57: σpd | C57: =Geometria!K897 -> 150.63825 | D57: kN/cm² | E57: Tensão na armadura ativa no ELU (verificação à flexão da aba Geometria).
B59: 4. Solicitações de cálculo nas seções críticas
B60: L | C60: =Geometria!H21 -> 982 | D60: cm | E60: Vão teórico (entre eixos de apoio).
B61: la | C61: =Geometria!H26 -> 14 | D61: cm | E61: Comprimento de apoio.
B62: pd | C62: =Geometria!I73*Geometria!K51+(Geometria!I74+Geometria!I75+Geometria!I76+Geometria!I77+Geometria!I78)*Geometria!K52 -> 20.301944 | D62: kN/m | E62: Carga de cálculo total.
B63: pd,(g1+g2) | C63: =Geometria!I73*Geometria!K51+(Geometria!I74+Geometria!I75)*Geometria!K52 -> 8.4019438 | D63: kN/m | E63: Cargas aplicadas antes da solidarização (peso próprio, preenchimento/chaveta, capa).
B64: Xpc | C64: =Geometria!H1037 -> 8.2832584 | D64: cm | E64: hpc/tg θ (θ = Geometria H1036).
B65: lx | C65: =Geometria!H1038 -> 22.283258 | D65: cm | E65: Distância da seção crítica à extremidade da laje (la + Xpc).
B66: a,td | C66: =C61/2+C64 -> 15.283258 | D66: cm | E66: Seção crítica da tração diagonal, medida do eixo do apoio.
B67: VSd,td | C67: =C62*(C60/2-C66)/100 -> 96.579745 | D67: kN | E67: Cortante de cálculo na seção crítica da tração diagonal.
B68: VSd,td,(g1+g2) | C68: =C63*(C60/2-C66)/100 -> 39.969453 | D68: kN | E68: Parcela atuante na seção pré-fabricada isolada.
B69: x,fl | C69: =0.5*(C13+C15) -> 15 | D69: cm | E69: 0,5·h da seção resistente, a partir da face do apoio.
B70: a,fl | C70: =C61/2+C69 -> 22 | D70: cm | E70: Seção crítica da flexo-cortante, medida do eixo do apoio.
B71: VSd,fl | C71: =C62*(C60/2-C70)/100 -> 95.216116 | D71: kN | E71: Cortante de cálculo na seção crítica da flexo-cortante.
B72: MSd,fl | C72: =C62*C70*(C60-C70)/2/10000 -> 21.438853 | D72: kN·m | E72: Momento de cálculo na mesma seção.
B73: VSd,apoio | C73: =C62*C60/200 -> 99.682544 | D73: kN | E73: Reação de apoio (apenas referência).
B75: 5. Tração diagonal – região não fissurada por flexão
B76: Tipo de alvéolo | C76: =Geometria!I17 -> 2 - Não Circular | E76: =IF(LEFT(TRIM(C76),1)="1",IF(OR(C13<25,C13>32),"ATENÇÃO: modelo circular – planilha de apoio limita a 250 ≤ h ≤ 320 mm","Modelo circular: VRd,c = 0,95·I·bw/S·√(fctd² + σcp·fctd)"),IF(OR(C13<25,C13>40),"ATENÇÃO: modelo não circular válido para 250 ≤ h ≤ 400 mm","Modelo não circular: VRd,c = βpc·I·bw/S·√(fctd² + 0,9·σcp·fctd)")) -> Modelo não circular: VRd,c = βpc·I·bw/S·√(fctd² + 0,9·σcp·fctd)
B77: αpc,inf | C77: =Geometria!H1048 -> 0.28782038 | D77: – | E77: lx/lpt2,inf ≤ 1
B78: αpc,sup | C78: =Geometria!I1048 -> 0.88194488 | D78: – | E78: lx/lpt2,sup ≤ 1
B79: σcp | C79: =Geometria!H1053/10000 -> 0.13138545 | D79: kN/cm² | E79: γp·Σ(Ap·σp∞·αpc)/Ac na seção lx.
B80: βpc | C80: =Geometria!H1049 -> 0.732 | D80: – | E80: 0,5 + hpc/h ≤ 1 (alvéolos não circulares).
B81: VRd,c | C81: =Geometria!H1082 -> 119.3545 | D81: kN | E81: Sem capa e sem preenchimento (modelo conforme tipo de alvéolo – Geometria H1082).
B82: ΔVRd,alv | C82: =(2/3)*C30*C32*C38 -> 0 | D82: kN | E82: (2/3)·n·A,alv·fctd
B83: VRd,ca | C83: =C81+C82 -> 119.3545 | D83: kN | E83: Sem capa, com alvéolos preenchidos.
B84: r = S·I'/(S'·I) | C84: =C27*C28/(C29*C22) -> 1.2206176 | D84: – | E84: Relação entre as capacidades à tensão de cisalhamento das seções composta e pré-fabricada.
B85: VRd,cc | C85: =C81*C84+C68*(1-C84) -> 136.86824 | D85: kN | E85: Com capa, sem preenchimento: VRd,c·r + VSd,(g1+g2)·(1 − r).
B86: VRd,cca | C86: =C85+C82 -> 136.86824 | D86: kN | E86: Com capa e com alvéolos preenchidos.
B87: VRd,td | C87: =IF(C14="Sim",IF(C30>0,C86,C85),IF(C30>0,C83,C81)) -> 136.86824 | D87: kN | E87: Resistência aplicável à configuração da laje.
B88: VSd,td | C88: =C67 -> 96.579745 | D88: kN
B89: Situação | C89: =IF(C88<=C87,"Ok!","Não Ok!") -> Ok!
B91: 6. Flexo-cortante – região fissurada por flexão
B92: VRd,fl (sem preench.) | C92: =Geometria!H1137 -> 153.55414 | D92: kN | E92: Geometria, item b).
B93: VRd,fl (com preench.) | C93: =Geometria!H1153 -> 153.55414 | D93: kN | E93: Geometria, item c) – conforme o momento do preenchimento (C7).
B94: VRd,fl | C94: =IF(C30>0,C93,C92) -> 153.55414 | D94: kN | E94: Resistência aplicável à configuração da laje.
B95: VSd,fl | C95: =C71 -> 95.216116 | D95: kN
B96: Situação | C96: =IF(C95<=C94,"Ok!","Não Ok!") -> Ok!
B97: VRd,fl (fase construtiva) | C97: =Geometria!H1118 -> 114.33445 | D97: kN | E97: Seção pré-fabricada isolada, fckj (Geometria item a).
B98: VSd (fase construtiva) | C98: =Geometria!H1119 -> 41.253544 | D98: kN | E98: g1 + g2 (peso próprio, preenchimento e capa fresca).
B99: Situação | C99: =IF(C98<=C97,"Ok!","Não Ok!") -> Ok!
B101: 7. Bielas comprimidas
B102: VRd,dc | C102: =IF(C30>0,Geometria!H1100,Geometria!H1099) -> 724.32692 | D102: kN | E102: 0,5·ν·fcd·0,9·d·Σbw (Σbw,2 se houver preenchimento).
B103: VSd | C103: =C67 -> 96.579745 | D103: kN | E103: Seção crítica mais próxima do apoio.
B104: Situação | C104: =IF(C103<=C102,"Ok!","Não Ok!") -> Ok!
B106: 8. Cisalhamento na interface capa × laje
B107: Rpd | C107: =C48*C57 -> 1189.4396 | D107: kN | E107: Resultante de tração no ELU = Ap,inf·σpd (= resultante de compressão).
B108: Rcc,capa,máx | C108: =0.85*C42*Geometria!H31*C15 -> 1103.6946 | D108: kN | E108: Compressão máxima absorvível pela capa (0,85·fcd,capa·b·hcapa).
...

Sheet Diagrama cortante
F3: Momento fletor
F4: S1 | G4: S2 | H4: S3 | I4: S4 | J4: S5 | K4: S6 | L4: S7 | M4: S8 | N4: S9
F5: =Geometria!G1254 -> 0 | G5: =Geometria!H1254 -> 1.2275 | H5: =Geometria!I1254 -> 2.455 | I5: =Geometria!J1254 -> 3.6825 | J5: =Geometria!K1254 -> 4.91 | K5: =Geometria!L1254 -> 6.1375 | L5: =Geometria!M1254 -> 7.365 | M5: =Geometria!N1254 -> 8.5925 | N5: =Geometria!G1257 -> 9.82
F6: =(((-($I$78+#REF!+#REF!)*($H$21/100)^2)/12)*(3*($H$1222*(1-F5/($H$21/100))+$H$1228*F5/($H$21/100)))/(2+($H$1222*(1-F5/($H$21/100))+$H$1228*F5/($H$21/100)))+(((($I$78+#REF!+#REF!)*$H$21/100)/2)*F5)-(($I$78+#REF!+#REF!)*F5^2)/2)*-1 -> #REF! | G6: =(((-($I$78+#REF!+#REF!)*($H$21/100)^2)/12)*(3*($H$1222*(1-G5/($H$21/100))+$H$1228*G5/($H$21/100)))/(2+($H$1222*(1-G5/($H$21/100))+$H$1228*G5/($H$21/100)))+(((($I$78+#REF!+#REF!)*$H$21/100)/2)*G5)-(($I$78+#REF!+#REF!)*G5^2)/2)*-1 -> #REF! | H6: =(((-($I$78+#REF!+#REF!)*($H$21/100)^2)/12)*(3*($H$1222*(1-H5/($H$21/100))+$H$1228*H5/($H$21/100)))/(2+($H$1222*(1-H5/($H$21/100))+$H$1228*H5/($H$21/100)))+(((($I$78+#REF!+#REF!)*$H$21/100)/2)*H5)-(($I$78+#REF!+#REF!)*H5^2)/2)*-1 -> #REF! | I6: =(((-($I$78+#REF!+#REF!)*($H$21/100)^2)/12)*(3*($H$1222*(1-I5/($H$21/100))+$H$1228*I5/($H$21/100)))/(2+($H$1222*(1-I5/($H$21/100))+$H$1228*I5/($H$21/100)))+(((($I$78+#REF!+#REF!)*$H$21/100)/2)*I5)-(($I$78+#REF!+#REF!)*I5^2)/2)*-1 -> #REF! | J6: =(((-($I$78+#REF!+#REF!)*($H$21/100)^2)/12)*(3*($H$1222*(1-J5/($H$21/100))+$H$1228*J5/($H$21/100)))/(2+($H$1222*(1-J5/($H$21/100))+$H$1228*J5/($H$21/100)))+(((($I$78+#REF!+#REF!)*$H$21/100)/2)*J5)-(($I$78+#REF!+#REF!)*J5^2)/2)*-1 -> #REF! | K6: =(((-($I$78+#REF!+#REF!)*($H$21/100)^2)/12)*(3*($H$1222*(1-K5/($H$21/100))+$H$1228*K5/($H$21/100)))/(2+($H$1222*(1-K5/($H$21/100))+$H$1228*K5/($H$21/100)))+(((($I$78+#REF!+#REF!)*$H$21/100)/2)*K5)-(($I$78+#REF!+#REF!)*K5^2)/2)*-1 -> #REF! | L6: =(((-($I$78+#REF!+#REF!)*($H$21/100)^2)/12)*(3*($H$1222*(1-L5/($H$21/100))+$H$1228*L5/($H$21/100)))/(2+($H$1222*(1-L5/($H$21/100))+$H$1228*L5/($H$21/100)))+(((($I$78+#REF!+#REF!)*$H$21/100)/2)*L5)-(($I$78+#REF!+#REF!)*L5^2)/2)*-1 -> #REF! | M6: =(((-($I$78+#REF!+#REF!)*($H$21/100)^2)/12)*(3*($H$1222*(1-M5/($H$21/100))+$H$1228*M5/($H$21/100)))/(2+($H$1222*(1-M5/($H$21/100))+$H$1228*M5/($H$21/100)))+(((($I$78+#REF!+#REF!)*$H$21/100)/2)*M5)-(($I$78+#REF!+#REF!)*M5^2)/2)*-1 -> #REF! | N6: =(((-($I$78+#REF!+#REF!)*($H$21/100)^2)/12)*(3*($H$1222*(1-N5/($H$21/100))+$H$1228*N5/($H$21/100)))/(2+($H$1222*(1-N5/($H$21/100))+$H$1228*N5/($H$21/100)))+(((($I$78+#REF!+#REF!)*$H$21/100)/2)*N5)-(($I$78+#REF!+#REF!)*N5^2)/2)*-1 -> #REF!
F9: V,esq | G9: =(0.5-0.0625*Geometria!$H$1228)*((Geometria!I73+Geometria!I74+Geometria!I75)*Geometria!K51+(Geometria!I76+Geometria!I77+Geometria!I78)*Geometria!K52)*(Geometria!$H$21/100) -> 95.434188
F10: V,dir | G10: =(0.5+0.0625*Geometria!$H$1228)*((Geometria!I73+Geometria!I74+Geometria!I75)*Geometria!K51+(Geometria!I76+Geometria!I77+Geometria!I78)*Geometria!K52)*(Geometria!$H$21/100) -> 101.59123

Sheet K mola
C6: esquerdo
C7: alfa r | D7: =Geometria!H1222 -> 0.25 | F7: Alfa r
C8: i | D8: =Geometria!I37/100^4 -> 0.0020532242 | E8: m^4 | F8: Inercia
C9: Ecs | D9: =Geometria!H867*10^6 -> 36628131 | E9: kN/m | F9: Modulo de elasticidade secante
C10: L | D10: =Geometria!H21/100 -> 9.82 | E10: m | F10: Comprimento da laje
C12: K0 | D12: =((D7/(1-D7))*4*D9*D8)/D10 -> 10211.237 | E12: kN/m | F12: Coeficiente mola

Sheet Homogeneização
K2: 2 . Homogeneização da seção - Cordoalhas
K4: Ac = | L4: ='Propriedades geométricas VI'!M6 -> 1513.0702 | M4: cm²
K5: I = | L5: ='Propriedades geométricas VI'!M9 -> 120206.61 | M5: cm²
K6: y'.1 = | L6: ='Propriedades geométricas VI'!M7 -> 12.737286 | M6: cm
K7: y'.2 = | L7: ='Propriedades geométricas VI'!M8 -> 12.262714 | M7: cm
K9: Ach = | L9: =L4-(Geometria!H122+Geometria!H139)+L11*(Geometria!H122+Geometria!H139) -> 1558.8832 | M9: cm²
K11: α = | L11: =L52 -> 6.8020463
K12: yhs = | L12: =Geometria!H23-L13 -> 12.548876 | M12: cm
K13: yhi = | L13: =(L4*L6+(L11-1)*Geometria!H122*Geometria!M121+(L11-1)*Geometria!H139*(Geometria!H23-Geometria!M134))/L9 -> 12.451124 | M13: cm
K14: Dy = | L14: =L17 -> 12.548876
K15: Ih = | L15: =L5+L4*(L6-L13)^2+(L11-1)*Geometria!H122*(Geometria!M121-L13)^2+(L11-1)*Geometria!H139*((Geometria!H23-Geometria!M134)-L13)^2 -> 124422.7 | M15: cm^4
K17: yhs = | L17: =Geometria!H23-L18 -> 12.548876
K18: yhi = | L18: =L13 -> 12.451124
K19: Wh
K20: Whs = | L20: =L15/L17 -> 9915.0468 | M20: cm³
K21: Whi = | L21: =L15/L18 -> 9992.8889 | M21: cm³
K23: 2 . Homogeneização da seção composta
K25: Ac = | L25: ='Propriedades geométricas LA '!M6 -> 1982.4758 | M25: cm²
K26: I = | L26: ='Propriedades geométricas LA '!M9 -> 199263.1 | M26: cm²
K27: y'.1 = | L27: ='Propriedades geométricas LA '!M7 -> 16.232764 | M27: cm
K28: y'.2 = | L28: ='Propriedades geométricas LA '!M8 -> 13.767236 | M28: cm
K30: Ach = | L30: =L25-(Geometria!H122+Geometria!H139)+L32*(Geometria!H122+Geometria!H139) -> 2017.6942 | M30: cm²
K32: α = | L32: =L57 -> 5.460284
K33: yhs = | L33: =Geometria!H23+Geometria!H33-L34 -> 13.998211 | M33: cm
K34: yhi = | L34: =(L25*L27+(L32-1)*Geometria!H122*Geometria!M121+(L32-1)*Geometria!H139*(Geometria!H23-Geometria!M134))/L30 -> 16.001789 | M34: cm
K35: Dy = | L35: =L38 -> 13.998211
K36: Ih = | L36: =L26+L25*(L27-L34)^2+(L32-1)*Geometria!H122*(Geometria!M121-L34)^2+(L32-1)*Geometria!H139*((Geometria!H23-Geometria!M134)-L34)^2 -> 205322.42 | M36: cm^4
K38: yhs = | L38: =Geometria!H23+Geometria!H33-L39 -> 13.998211
K39: yhi = | L39: =L34 -> 16.001789
K40: Wh
K41: Whs = | L41: =L36/L38 -> 14667.761 | M41: cm³
K42: Whi = | L42: =L36/L39 -> 12831.216 | M42: cm³
K45: Parâmetros da homogeneização (como na planilha de referência: α = Ep/Ecs(t) para cordoalhas e Es/Ecs(t) para vergalhões)
K47: Ep = | L47: 200000 | M47: MPa | N47: Módulo de elasticidade das cordoalhas (NBR 6118, 8.4.4).
K48: Es = | L48: 210000 | M48: MPa | N48: Módulo de elasticidade dos vergalhões (NBR 6118, 8.3.5).
K49: t,pré = | L49: =Geometria!$I$201 -> 1 | M49: dias | N49: Idade da seção pré-fabricada na homogeneização (ato da protensão).
K50: β1(t,pré) = | L50: =EXP(Fluência!$B$17*(1-(28/L49)^(1/2))) -> 0.42388185 | M50: - | N50: Crescimento da resistência do concreto com a idade.
K51: Ecs(t,pré) = | L51: =MIN(1,0.8+0.2*MAX(Geometria!$H$60,MIN(Geometria!$H$58,L50*Geometria!$H$58))/80)*IF(Geometria!$H$58<=50,(MAX(Geometria!$H$60,MIN(Geometria!$H$58,L50*Geometria!$H$58))/Geometria!$H$58)^0.5,(MAX(Geometria!$H$60,MIN(Geometria!$H$58,L50*Geometria!$H$58))/Geometria!$H$58)^0.3)*Geometria!$H$866*1000 -> 29402.917 | M51: MPa | N51: Módulo secante do concreto da viga nessa idade.
K52: αp,pré = | L52: =L47/L51 -> 6.8020463 | M52: - | N52: Relação Ep/Ecs – cordoalhas na seção pré-fabricada.
K53: αe,pré = | L53: =L48/L51 -> 7.1421486 | M53: - | N53: Relação Es/Ecs – vergalhões na seção pré-fabricada.
K54: t,comp = | L54: =Geometria!$I$204 -> 30 | M54: dias | N54: Idade na solidarização (seção composta).
K55: β1(t,comp) = | L55: =EXP(Fluência!$B$17*(1-(28/L54)^(1/2))) -> 1.0068047 | M55: - | N55: Crescimento da resistência do concreto com a idade.
K56: Ecs(t,comp) = | L56: =MIN(1,0.8+0.2*MAX(Geometria!$H$60,MIN(Geometria!$H$58,L55*Geometria!$H$58))/80)*IF(Geometria!$H$58<=50,(MAX(Geometria!$H$60,MIN(Geometria!$H$58,L55*Geometria!$H$58))/Geometria!$H$58)^0.5,(MAX(Geometria!$H$60,MIN(Geometria!$H$58,L55*Geometria!$H$58))/Geometria!$H$58)^0.3)*Geometria!$H$866*1000 -> 36628.131 | M56: MPa | N56: Módulo secante do concreto da viga nessa idade.
K57: αp,comp = | L57: =L47/L56 -> 5.460284 | M57: - | N57: Relação Ep/Ecs – cordoalhas na seção composta.
K58: αe,comp = | L58: =L48/L56 -> 5.7332982 | M58: - | N58: Relação Es/Ecs – vergalhões na seção composta.

Sheet Tensões
E1: Np | F1: =Geometria!H749 -> 867.4324 | G1: kN
E2: Mp | F2: =Geometria!H750 -> 81.98211 | G2: kN
A4: ATO | N4: ELS-F, MÁXIMO
C6: Tensão ajustada | D6: Tensão reduzida pelo comprimento de transferência | F6: Tensão calculada | I6: Np | J6: Mp | P6: Tensão ajustada | Q6: Tensão reduzida pelo comprimento de transferência | S6: Tensão calculada | V6: Np | W6: Mp
A8: σi,1 | B8: =IF(Geometria!$G$280<Geometria!$J$1030/100,"Reduzir","OK") -> Reduzir | C8: =IF(B8="Reduzir",D8,F8) -> 0 | D8: 0 | E8: 0 | F8: 0 | I8: 0 | J8: 0 | L8: =C8/1000 -> 0 | N8: σi,1 | O8: =IF(Geometria!$G$280<Geometria!$J$1030/100,"Reduzir","OK") -> Reduzir | P8: =IF(O8="Reduzir",Q8,S8) -> 0 | Q8: 0 | R8: 0 | S8: 0 | V8: 0 | W8: 0 | Y8: =P8/1000 -> 0
A9: σi,2 | B9: =IF(Geometria!$H$280<Geometria!$J$1030/100,"Reduzir","OK") -> OK | C9: =IF(B9="Reduzir",D9,F9) -> 1760.8451 | D9: =-I9/(Geometria!$H$36/100^2)+J9/(Geometria!$H$40/100^3)-Geometria!$H$741/(Geometria!$H$40/100^3) -> 1124.9497 | E9: =('Perdas por Seção'!D60*(Geometria!$H$280*100))/Geometria!$J$1030 -> 117.16985 | F9: =IF(H9="Sim",-('Isolamento de cabos'!$C$26)/(Geometria!$H$36/100^2)+('Isolamento de cabos'!$C$27)/(Geometria!$H$40/100^3)-Geometria!$H$741/(Geometria!$H$40/100^3),IF(M9="Sim",-'Perdas por Seção'!D99/(Geometria!$H$36/100^2)+'Perdas por Seção'!D100/(Geometria!$H$40/100^3)-Geometria!$H$741/(Geometria!$H$40/100^3),-'Perdas por Seção'!D99/(Geometria!$H$36/100^2)+'Perdas por Seção'!D100/(Geometria!$H$40/100^3)-Geometria!$H$741/(Geometria!$H$40/100^3))) -> 1760.8451 | H9: =IF(Geometria!$H$280<'Isolamento de cabos'!$C$8,"Sim","Não") -> Não | I9: =Geometria!$H$166*E32+Geometria!$H$168*E9 -> 649.66269 | J9: =Geometria!$H$166*E32*Geometria!$H$167/100-Geometria!$H$168*E9*Geometria!$H$169/100 -> 61.400425 | L9: =C9/1000 -> 1.7608451 | M9: =IF(Geometria!$H$280<'Isolamento de cabos'!$C$10,"Sim","Não") -> Não | N9: σi,2 | O9: =IF(Geometria!$H$280<Geometria!$J$1030/100,"Reduzir","OK") -> OK | P9: =IF(O9="Reduzir",Q9,S9) -> 92.584347 | Q9: =-(V9/(Geometria!$H$36/100^2))+(W9/(Geometria!$H$40/100^3))-((Geometria!$H$281)/(Geometria!$H$40/100^3))-((Geometria!$H$292)/(Geometria!$H$266))-((Geometria!$H$52*Geometria!$H$303)/(Geometria!$H$266)) -> -434.47014 | R9: =('Perdas por Seção'!D92*(Geometria!$H$280*100))/Geometria!$J$1030 -> 103.3558 | S9: =IF(H9="Sim",-('Isolamento de cabos'!$C$58/(Geometria!$H$36/100^2))+('Isolamento de cabos'!$C$59/(Geometria!$H$40/100^3))-((Geometria!$H$281)/(Geometria!$H$40/100^3))-((Geometria!$H$292)/(Geometria!$H$266))-((Geometria!$H$52*Geometria!$H$303)/(Geometria!$H$266)),IF(M9="Sim",-('Perdas por Seção'!D97/(Geometria!$H$36/100^2))+('Perdas por Seção'!D98/(Geometria!$H$40/100^3))-((Geometria!$H$281)/(Geometria!$H$40/100^3))-((Geometria!$H$292)/(Geometria!$H$266))-((Geometria!$H$52*Geometria!$H$303)/(Geometria!$H$266)),-('Perdas por Seção'!D97/(Geometria!$H$36/100^2))+('Perdas por Seção'!D98/(Geometria!$H$40/100^3))-((Geometria!$H$281)/(Geometria!$H$40/100^3))-((Geometria!$H$292)/(Geometria!$H$266))-((Geometria!$H$52*Geometria!$H$303)/(Geometria!$H$266)))) -> 92.584347 | V9: =Geometria!$H$166*R32+Geometria!$H$168*R9 -> 538.46542 | W9: =Geometria!$H$166*R32*Geometria!$H$167/100-Geometria!$H$168*R9*Geometria!$H$169/100 -> 50.891033 | Y9: =P9/1000 -> 0.092584347
A10: σi,3 | B10: =IF(Geometria!$I$280<Geometria!$J$1030/100,"Reduzir","OK") -> OK | C10: =IF(B10="Reduzir",D10,F10) -> 964.40488 | D10: =-I10/(Geometria!$H$36/100^2)+J10/(Geometria!$H$40/100^3)-Geometria!$I$741/(Geometria!$H$40/100^3) -> 2358.3784 | E10: =('Perdas por Seção'!E60*(Geometria!$I$280*100))/Geometria!$J$1030 -> 232.0719 | F10: =IF(H10="Sim",-('Isolamento de cabos'!$C$26)/(Geometria!$H$36/100^2)+('Isolamento de cabos'!$C$27)/(Geometria!$H$40/100^3)-Geometria!$I$741/(Geometria!$H$40/100^3),IF(M10="Sim",-'Perdas por Seção'!E99/(Geometria!$H$36/100^2)+'Perdas por Seção'!E100/(Geometria!$H$40/100^3)-Geometria!$I$741/(Geometria!$H$40/100^3),-'Perdas por Seção'!E99/(Geometria!$H$36/100^2)+'Perdas por Seção'!E100/(Geometria!$H$40/100^3)-Geometria!$I$741/(Geometria!$H$40/100^3))) -> 964.40488 | H10: =IF(Geometria!$I$280<'Isolamento de cabos'!$C$8,"Sim","Não") -> Não | I10: =Geometria!$H$166*E33+Geometria!$H$168*E10 -> 1303.7266 | J10: =Geometria!$H$166*E33*Geometria!$H$167/100-Geometria!$H$168*E10*Geometria!$H$169/100 -> 123.21681 | L10: =C10/1000 -> 0.96440488 | M10: =IF(Geometria!$I$280<'Isolamento de cabos'!$C$10,"Sim","Não") -> Não | N10: σi,3 | O10: =IF(Geometria!$I$280<Geometria!$J$1030/100,"Reduzir","OK") -> OK | P10: =IF(O10="Reduzir",Q10,S10) -> -1758.7273 | Q10: =-(V10/(Geometria!$H$36/100^2))+(W10/(Geometria!$H$40/100^3))-((Geometria!$I$281)/(Geometria!$H$40/100^3))-((Geometria!$I$292)/(Geometria!$H$266))-((Geometria!$H$52*Geometria!$I$303)/(Geometria!$H$266)) -> -586.74704 | R10: =('Perdas por Seção'!E92*(Geometria!$I$280*100))/Geometria!$J$1030 -> 197.68932 | S10: =IF(H10="Sim",-('Isolamento de cabos'!$C$58/(Geometria!$H$36/100^2))+('Isolamento de cabos'!$C$59/(Geometria!$H$40/100^3))-((Geometria!$I$281)/(Geometria!$H$40/100^3))-((Geometria!$I$292)/(Geometria!$H$266))-((Geometria!$H$52*Geometria!$I$303)/(Geometria!$H$266)),IF(M10="Sim",-('Perdas por Seção'!E97/(Geometria!$H$36/100^2))+('Perdas por Seção'!E98/(Geometria!$H$40/100^3))-((Geometria!$I$281)/(Geometria!$H$40/100^3))-((Geometria!$I$292)/(Geometria!$H$266))-((Geometria!$H$52*Geometria!$I$303)/(Geometria!$H$266)),-('Perdas por Seção'!E97/(Geometria!$H$36/100^2))+('Perdas por Seção'!E98/(Geometria!$H$40/100^3))-((Geometria!$I$281)/(Geometria!$H$40/100^3))-((Geometria!$I$292)/(Geometria!$H$266))-((Geometria!$H$52*Geometria!$I$303)/(Geometria!$H$266)))) -> -1758.7273 | V10: =Geometria!$H$166*R33+Geometria!$H$168*R10 -> 1096.1054 | W10: =Geometria!$H$166*R33*Geometria!$H$167/100-Geometria!$H$168*R10*Geometria!$H$169/100 -> 103.59427 | Y10: =P10/1000 -> -1.7587273
A11: σi,4 | B11: =IF(Geometria!$J$280<Geometria!$J$1030/100,"Reduzir","OK") -> OK | C11: =IF(B11="Reduzir",D11,F11) -> 261.66354 | D11: =-I11/(Geometria!$H$36/100^2)+J11/(Geometria!$H$40/100^3)-Geometria!$J$741/(Geometria!$H$40/100^3) -> 3697.8648 | E11: =('Perdas por Seção'!F60*(Geometria!$J$280*100))/Geometria!$J$1030 -> 345.10636 | F11: =IF(H11="Sim",-('Isolamento de cabos'!$C$26)/(Geometria!$H$36/100^2)+('Isolamento de cabos'!$C$27)/(Geometria!$H$40/100^3)-Geometria!$J$741/(Geometria!$H$40/100^3),IF(M11="Sim",-'Perdas por Seção'!F99/(Geometria!$H$36/100^2)+'Perdas por Seção'!F100/(Geometria!$H$40/100^3)-Geometria!$J$741/(Geometria!$H$40/100^3),-'Perdas por Seção'!F99/(Geometria!$H$36/100^2)+'Perdas por Seção'!F100/(Geometria!$H$40/100^3)-Geometria!$J$741/(Geometria!$H$40/100^3))) -> 261.66354 | H11: =IF(Geometria!$J$280<'Isolamento de cabos'!$C$8,"Sim","Não") -> Não | I11: =Geometria!$H$166*E34+Geometria!$H$168*E11 -> 1961.415 | J11: =Geometria!$H$166*E34*Geometria!$H$167/100-Geometria!$H$168*E11*Geometria!$H$169/100 -> 185.37575 | L11: =C11/1000 -> 0.26166354 | M11: =IF(Geometria!$J$280<'Isolamento de cabos'!$C$10,"Sim","Não") -> Não | N11: σi,4 | O11: =IF(Geometria!$J$280<Geometria!$J$1030/100,"Reduzir","OK") -> OK | P11: =IF(O11="Reduzir",Q11,S11) -> -3392.2751 | Q11: =-(V11/(Geometria!$H$36/100^2))+(W11/(Geometria!$H$40/100^3))-((Geometria!$J$281)/(Geometria!$H$40/100^3))-((Geometria!$J$292)/(Geometria!$H$266))-((Geometria!$H$52*Geometria!$J$303)/(Geometria!$H$266)) -> -467.4643 | R11: =('Perdas por Seção'!F92*(Geometria!$J$280*100))/Geometria!$J$1030 -> 284.59274 | S11: =IF(H11="Sim",-('Isolamento de cabos'!$C$58/(Geometria!$H$36/100^2))+('Isolamento de cabos'!$C$59/(Geometria!$H$40/100^3))-((Geometria!$J$281)/(Geometria!$H$40/100^3))-((Geometria!$J$292)/(Geometria!$H$266))-((Geometria!$H$52*Geometria!$J$303)/(Geometria!$H$266)),IF(M11="Sim",-('Perdas por Seção'!F97/(Geometria!$H$36/100^2))+('Perdas por Seção'!F98/(Geometria!$H$40/100^3))-((Geometria!$J$281)/(Geometria!$H$40/100^3))-((Geometria!$J$292)/(Geometria!$H$266))-((Geometria!$H$52*Geometria!$J$303)/(Geometria!$H$266)),-('Perdas por Seção'!F97/(Geometria!$H$36/100^2))+('Perdas por Seção'!F98/(Geometria!$H$40/100^3))-((Geometria!$J$281)/(Geometria!$H$40/100^3))-((Geometria!$J$292)/(Geometria!$H$266))-((Geometria!$H$52*Geometria!$J$303)/(Geometria!$H$266)))) -> -3392.2751 | V11: =Geometria!$H$166*R34+Geometria!$H$168*R11 -> 1669.5086 | W11: =Geometria!$H$166*R34*Geometria!$H$167/100-Geometria!$H$168*R11*Geometria!$H$169/100 -> 157.78733 | Y11: =P11/1000 -> -3.3922751
A12: σi,5 | B12: =IF(Geometria!$K$280<Geometria!$J$1030/100,"Reduzir","OK") -> OK | C12: =IF(B12="Reduzir",D12,F12) -> -347.37894 | D12: =-I12/(Geometria!$H$36/100^2)+J12/(Geometria!$H$40/100^3)-Geometria!$K$741/(Geometria!$H$40/100^3) -> 5140.9879 | E12: =('Perdas por Seção'!G60*(Geometria!$K$280*100))/Geometria!$J$1030 -> 456.67342 | F12: =IF(H12="Sim",-('Isolamento de cabos'!$C$26)/(Geometria!$H$36/100^2)+('Isolamento de cabos'!$C$27)/(Geometria!$H$40/100^3)-Geometria!$K$741/(Geometria!$H$40/100^3),IF(M12="Sim",-'Perdas por Seção'!G99/(Geometria!$H$36/100^2)+'Perdas por Seção'!G100/(Geometria!$H$40/100^3)-Geometria!$K$741/(Geometria!$H$40/100^3),-'Perdas por Seção'!G99/(Geometria!$H$36/100^2)+'Perdas por Seção'!G100/(Geometria!$H$40/100^3)-Geometria!$K$741/(Geometria!$H$40/100^3))) -> -347.37894 | H12: =IF(Geometria!$K$280<'Isolamento de cabos'!$C$8,"Sim","Não") -> Não | I12: =Geometria!$H$166*E35+Geometria!$H$168*E12 -> 2621.9512 | J12: =Geometria!$H$166*E35*Geometria!$H$167/100-Geometria!$H$168*E12*Geometria!$H$169/100 -> 247.80385 | L12: =C12/1000 -> -0.34737894 | M12: =IF(Geometria!$K$280<'Isolamento de cabos'!$C$10,"Sim","Não") -> Não | N12: σi,5 | O12: =IF(Geometria!$K$280<Geometria!$J$1030/100,"Reduzir","OK") -> OK | P12: =IF(O12="Reduzir",Q12,S12) -> -4808.045 | Q12: =-(V12/(Geometria!$H$36/100^2))+(W12/(Geometria!$H$40/100^3))-((Geometria!$K$281)/(Geometria!$H$40/100^3))-((Geometria!$K$292)/(Geometria!$H$266))-((Geometria!$H$52*Geometria!$K$303)/(Geometria!$H$266)) -> -87.212651 | R12: =('Perdas por Seção'!G92*(Geometria!$K$280*100))/Geometria!$J$1030 -> 365.65821 | S12: =IF(H12="Sim",-('Isolamento de cabos'!$C$58/(Geometria!$H$36/100^2))+('Isolamento de cabos'!$C$59/(Geometria!$H$40/100^3))-((Geometria!$K$281)/(Geometria!$H$40/100^3))-((Geometria!$K$292)/(Geometria!$H$266))-((Geometria!$H$52*Geometria!$K$303)/(Geometria!$H$266)),IF(M12="Sim",-('Perdas por Seção'!G97/(Geometria!$H$36/100^2))+('Perdas por Seção'!G98/(Geometria!$H$40/100^3))-((Geometria!$K$281)/(Geometria!$H$40/100^3))-((Geometria!$K$292)/(Geometria!$H$266))-((Geometria!$H$52*Geometria!$K$303)/(Geometria!$H$266)),-('Perdas por Seção'!G97/(Geometria!$H$36/100^2))+('Perdas por Seção'!G98/(Geometria!$H$40/100^3))-((Geometria!$K$281)/(Geometria!$H$40/100^3))-((Geometria!$K$292)/(Geometria!$H$266))-((Geometria!$H$52*Geometria!$K$303)/(Geometria!$H$266)))) -> -4808.045 | V12: =Geometria!$H$166*R35+Geometria!$H$168*R12 -> 2255.2778 | W12: =Geometria!$H$166*R35*Geometria!$H$167/100-Geometria!$H$168*R12*Geometria!$H$169/100 -> 213.14909 | Y12: =P12/1000 -> -4.808045
A13: σi,6 | B13: =IF(Geometria!$L$280<Geometria!$J$1030/100,"Reduzir","OK") -> OK | C13: =IF(B13="Reduzir",D13,F13) -> -862.72259 | D13: =-I13/(Geometria!$H$36/100^2)+J13/(Geometria!$H$40/100^3)-Geometria!$L$741/(Geometria!$H$40/100^3) -> 6685.3266 | E13: =('Perdas por Seção'!H60*(Geometria!$L$280*100))/Geometria!$J$1030 -> 567.17328 | F13: =IF(H13="Sim",-('Isolamento de cabos'!$C$26)/(Geometria!$H$36/100^2)+('Isolamento de cabos'!$C$27)/(Geometria!$H$40/100^3)-Geometria!$L$741/(Geometria!$H$40/100^3),IF(M13="Sim",-'Perdas por Seção'!H99/(Geometria!$H$36/100^2)+'Perdas por Seção'!H100/(Geometria!$H$40/100^3)-Geometria!$L$741/(Geometria!$H$40/100^3),-'Perdas por Seção'!H99/(Geometria!$H$36/100^2)+'Perdas por Seção'!H100/(Geometria!$H$40/100^3)-Geometria!$L$741/(Geometria!$H$40/100^3))) -> -862.72259 | H13: =IF(Geometria!$L$280<'Isolamento de cabos'!$C$8,"Sim","Não") -> Não | I13: =Geometria!$H$166*E36+Geometria!$H$168*E13 -> 3284.5585 | J13: =Geometria!$H$166*E36*Geometria!$H$167/100-Geometria!$H$168*E13*Geometria!$H$169/100 -> 310.42769 | L13: =C13/1000 -> -0.86272259 | M13: =IF(Geometria!$L$280<'Isolamento de cabos'!$C$10,"Sim","Não") -> Não | N13: σi,6 | O13: =IF(Geometria!$L$280<Geometria!$J$1030/100,"Reduzir","OK") -> OK | P13: =IF(O13="Reduzir",Q13,S13) -> -6006.0247 | Q13: =-(V13/(Geometria!$H$36/100^2))+(W13/(Geometria!$H$40/100^3))-((Geometria!$L$281)/(Geometria!$H$40/100^3))-((Geometria!$L$292)/(Geometria!$H$266))-((Geometria!$H$52*Geometria!$L$303)/(Geometria!$H$266)) -> 543.45285 | R13: =('Perdas por Seção'!H92*(Geometria!$L$280*100))/Geometria!$J$1030 -> 442.47791 | S13: =IF(H13="Sim",-('Isolamento de cabos'!$C$58/(Geometria!$H$36/100^2))+('Isolamento de cabos'!$C$59/(Geometria!$H$40/100^3))-((Geometria!$L$281)/(Geometria!$H$40/100^3))-((Geometria!$L$292)/(Geometria!$H$266))-((Geometria!$H$52*Geometria!$L$303)/(Geometria!$H$266)),IF(M13="Sim",-('Perdas por Seção'!H97/(Geometria!$H$36/100^2))+('Perdas por Seção'!H98/(Geometria!$H$40/100^3))-((Geometria!$L$281)/(Geometria!$H$40/100^3))-((Geometria!$L$292)/(Geometria!$H$266))-((Geometria!$H$52*Geometria!$L$303)/(Geometria!$H$266)),-('Perdas por Seção'!H97/(Geometria!$H$36/100^2))+('Perdas por Seção'!H98/(Geometria!$H$40/100^3))-((Geometria!$L$281)/(Geometria!$H$40/100^3))-((Geometria!$L$292)/(Geometria!$H$266))-((Geometria!$H$52*Geometria!$L$303)/(Geometria!$H$266)))) -> -6006.0247 | V13: =Geometria!$H$166*R36+Geometria!$H$168*R13 -> 2850.0268 | W13: =Geometria!$H$166*R36*Geometria!$H$167/100-Geometria!$H$168*R13*Geometria!$H$169/100 -> 269.35956 | Y13: =P13/1000 -> -6.0060247
A14: σi,7 | B14: =IF(Geometria!$M$280<Geometria!$J$1030/100,"Reduzir","OK") -> OK | C14: =IF(B14="Reduzir",D14,F14) -> -1284.3674 | D14: =-I14/(Geometria!$H$36/100^2)+J14/(Geometria!$H$40/100^3)-Geometria!$M$741/(Geometria!$H$40/100^3) -> 8328.4598 | E14: =('Perdas por Seção'!I60*(Geometria!$M$280*100))/Geometria!$J$1030 -> 677.00614 | F14: =IF(H14="Sim",-('Isolamento de cabos'!$C$26)/(Geometria!$H$36/100^2)+('Isolamento de cabos'!$C$27)/(Geometria!$H$40/100^3)-Geometria!$M$741/(Geometria!$H$40/100^3),IF(M14="Sim",-'Perdas por Seção'!I99/(Geometria!$H$36/100^2)+'Perdas por Seção'!I100/(Geometria!$H$40/100^3)-Geometria!$M$741/(Geometria!$H$40/100^3),-'Perdas por Seção'!I99/(Geometria!$H$36/100^2)+'Perdas por Seção'!I100/(Geometria!$H$40/100^3)-Geometria!$M$741/(Geometria!$H$40/100^3))) -> -1284.3674 | H14: =IF(Geometria!$M$280<'Isolamento de cabos'!$C$8,"Sim","Não") -> Não | I14: =Geometria!$H$166*E37+Geometria!$H$168*E14 -> 3948.4604 | J14: =Geometria!$H$166*E37*Geometria!$H$167/100-Geometria!$H$168*E14*Geometria!$H$169/100 -> 373.17388 | L14: =C14/1000 -> -1.2843674 | M14: =IF(Geometria!$M$280<'Isolamento de cabos'!$C$10,"Sim","Não") -> Não | N14: σi,7 | O14: =IF(Geometria!$M$280<Geometria!$J$1030/100,"Reduzir","OK") -> OK | P14: =IF(O14="Reduzir",Q14,S14) -> -6986.2039 | Q14: =-(V14/(Geometria!$H$36/100^2))+(W14/(Geometria!$H$40/100^3))-((Geometria!$M$281)/(Geometria!$H$40/100^3))-((Geometria!$M$292)/(Geometria!$H$266))-((Geometria!$H$52*Geometria!$M$303)/(Geometria!$H$266)) -> 1414.0056 | R14: =('Perdas por Seção'!I92*(Geometria!$M$280*100))/Geometria!$J$1030 -> 516.644 | S14: =IF(H14="Sim",-('Isolamento de cabos'!$C$58/(Geometria!$H$36/100^2))+('Isolamento de cabos'!$C$59/(Geometria!$H$40/100^3))-((Geometria!$M$281)/(Geometria!$H$40/100^3))-((Geometria!$M$292)/(Geometria!$H$266))-((Geometria!$H$52*Geometria!$M$303)/(Geometria!$H$266)),IF(M14="Sim",-('Perdas por Seção'!I97/(Geometria!$H$36/100^2))+('Perdas por Seção'!I98/(Geometria!$H$40/100^3))-((Geometria!$M$281)/(Geometria!$H$40/100^3))-((Geometria!$M$292)/(Geometria!$H$266))-((Geometria!$H$52*Geometria!$M$303)/(Geometria!$H$266)),-('Perdas por Seção'!I97/(Geometria!$H$36/100^2))+('Perdas por Seção'!I98/(Geometria!$H$40/100^3))-((Geometria!$M$281)/(Geometria!$H$40/100^3))-((Geometria!$M$292)/(Geometria!$H$266))-((Geometria!$H$52*Geometria!$M$303)/(Geometria!$H$266)))) -> -6986.2039 | V14: =Geometria!$H$166*R37+Geometria!$H$168*R14 -> 3450.3787 | W14: =Geometria!$H$166*R37*Geometria!$H$167/100-Geometria!$H$168*R14*Geometria!$H$169/100 -> 326.09956 | Y14: =P14/1000 -> -6.9862039
A15: σi,8 | B15: =IF(Geometria!$N$280<Geometria!$J$1030/100,"Reduzir","OK") -> OK | C15: =IF(B15="Reduzir",D15,F15) -> -1612.3133 | D15: =-I15/(Geometria!$H$36/100^2)+J15/(Geometria!$H$40/100^3)-Geometria!$N$741/(Geometria!$H$40/100^3) -> 10067.966 | E15: =('Perdas por Seção'!J60*(Geometria!$N$280*100))/Geometria!$J$1030 -> 786.5722 | F15: =IF(H15="Sim",-('Isolamento de cabos'!$C$26)/(Geometria!$H$36/100^2)+('Isolamento de cabos'!$C$27)/(Geometria!$H$40/100^3)-Geometria!$N$741/(Geometria!$H$40/100^3),IF(M15="Sim",-'Perdas por Seção'!J99/(Geometria!$H$36/100^2)+'Perdas por Seção'!J100/(Geometria!$H$40/100^3)-Geometria!$N$741/(Geometria!$H$40/100^3),-'Perdas por Seção'!J99/(Geometria!$H$36/100^2)+'Perdas por Seção'!J100/(Geometria!$H$40/100^3)-Geometria!$N$741/(Geometria!$H$40/100^3))) -> -1612.3133 | H15: =IF(Geometria!$N$280<'Isolamento de cabos'!$C$8,"Sim","Não") -> Não | I15: =Geometria!$H$166*E38+Geometria!$H$168*E15 -> 4612.88 | J15: =Geometria!$H$166*E38*Geometria!$H$167/100-Geometria!$H$168*E15*Geometria!$H$169/100 -> 435.969 | L15: =C15/1000 -> -1.6123133 | M15: =IF(Geometria!$N$280<'Isolamento de cabos'!$C$10,"Sim","Não") -> Não | N15: σi,8 | O15: =IF(Geometria!$N$280<Geometria!$J$1030/100,"Reduzir","OK") -> OK | P15: =IF(O15="Reduzir",Q15,S15) -> -7748.5743 | Q15: =-(V15/(Geometria!$H$36/100^2))+(W15/(Geometria!$H$40/100^3))-((Geometria!$N$281)/(Geometria!$H$40/100^3))-((Geometria!$N$292)/(Geometria!$H$266))-((Geometria!$H$52*Geometria!$N$303)/(Geometria!$H$266)) -> 2513.9406 | R15: =('Perdas por Seção'!J92*(Geometria!$N$280*100))/Geometria!$J$1030 -> 589.74864 | S15: =IF(H15="Sim",-('Isolamento de cabos'!$C$58/(Geometria!$H$36/100^2))+('Isolamento de cabos'!$C$59/(Geometria!$H$40/100^3))-((Geometria!$N$281)/(Geometria!$H$40/100^3))-((Geometria!$N$292)/(Geometria!$H$266))-((Geometria!$H$52*Geometria!$N$303)/(Geometria!$H$266)),IF(M15="Sim",-('Perdas por Seção'!J97/(Geometria!$H$36/100^2))+('Perdas por Seção'!J98/(Geometria!$H$40/100^3))-((Geometria!$N$281)/(Geometria!$H$40/100^3))-((Geometria!$N$292)/(Geometria!$H$266))-((Geometria!$H$52*Geometria!$N$303)/(Geometria!$H$266)),-('Perdas por Seção'!J97/(Geometria!$H$36/100^2))+('Perdas por Seção'!J98/(Geometria!$H$40/100^3))-((Geometria!$N$281)/(Geometria!$H$40/100^3))-((Geometria!$N$292)/(Geometria!$H$266))-((Geometria!$H$52*Geometria!$N$303)/(Geometria!$H$266)))) -> -7748.5743 | V15: =Geometria!$H$166*R38+Geometria!$H$168*R15 -> 4052.9637 | W15: =Geometria!$H$166*R38*Geometria!$H$167/100-Geometria!$H$168*R15*Geometria!$H$169/100 -> 383.05061 | Y15: =P15/1000 -> -7.7485743
A16: σi,9 | B16: =IF(Geometria!$G$283<Geometria!$J$1030/100,"Reduzir","OK") -> OK | C16: =IF(B16="Reduzir",D16,F16) -> -1846.5604 | D16: =-I16/(Geometria!$H$36/100^2)+J16/(Geometria!$H$40/100^3)-Geometria!$G$744/(Geometria!$H$40/100^3) -> 11901.425 | E16: =('Perdas por Seção'!K60*(Geometria!$G$283*100))/Geometria!$J$1030 -> 896.27166 | F16: =IF(H16="Sim",-('Isolamento de cabos'!$C$26)/(Geometria!$H$36/100^2)+('Isolamento de cabos'!$C$27)/(Geometria!$H$40/100^3)-Geometria!$G$744/(Geometria!$H$40/100^3),IF(M16="Sim",-'Perdas por Seção'!K99/(Geometria!$H$36/100^2)+'Perdas por Seção'!K100/(Geometria!$H$40/100^3)-Geometria!$G$744/(Geometria!$H$40/100^3),-'Perdas por Seção'!K99/(Geometria!$H$36/100^2)+'Perdas por Seção'!K100/(Geometria!$H$40/100^3)-Geometria!$G$744/(Geometria!$H$40/100^3))) -> -1846.5604 | H16: =IF(Geometria!$G$283<'Isolamento de cabos'!$C$8,"Sim","Não") -> Não | I16: =Geometria!$H$166*E39+Geometria!$H$168*E16 -> 5277.0407 | J16: =Geometria!$H$166*E39*Geometria!$H$167/100-Geometria!$H$168*E16*Geometria!$H$169/100 -> 498.73965 | L16: =C16/1000 -> -1.8465604 | M16: =IF(Geometria!$G$283<'Isolamento de cabos'!$C$10,"Sim","Não") -> Não | N16: σi,9 | O16: =IF(Geometria!$G$283<Geometria!$J$1030/100,"Reduzir","OK") -> OK | P16: =IF(O16="Reduzir",Q16,S16) -> -8293.1292 | Q16: =-(V16/(Geometria!$H$36/100^2))+(W16/(Geometria!$H$40/100^3))-((Geometria!$G$284)/(Geometria!$H$40/100^3))-((Geometria!$G$295)/(Geometria!$H$266))-((Geometria!$H$52*Geometria!$G$306)/(Geometria!$H$266)) -> 3832.7667 | R16: =('Perdas por Seção'!K92*(Geometria!$G$283*100))/Geometria!$J$1030 -> 663.38401 | S16: =IF(H16="Sim",-('Isolamento de cabos'!$C$58/(Geometria!$H$36/100^2))+('Isolamento de cabos'!$C$59/(Geometria!$H$40/100^3))-((Geometria!$G$284)/(Geometria!$H$40/100^3))-((Geometria!$G$295)/(Geometria!$H$266))-((Geometria!$H$52*Geometria!$G$306)/(Geometria!$H$266)),IF(M16="Sim",-('Perdas por Seção'!K97/(Geometria!$H$36/100^2))+('Perdas por Seção'!K98/(Geometria!$H$40/100^3))-((Geometria!$G$284)/(Geometria!$H$40/100^3))-((Geometria!$G$295)/(Geometria!$H$266))-((Geometria!$H$52*Geometria!$G$306)/(Geometria!$H$266)),-('Perdas por Seção'!K97/(Geometria!$H$36/100^2))+('Perdas por Seção'!K98/(Geometria!$H$40/100^3))-((Geometria!$G$284)/(Geometria!$H$40/100^3))-((Geometria!$G$295)/(Geometria!$H$266))-((Geometria!$H$52*Geometria!$G$306)/(Geometria!$H$266)))) -> -8293.1292 | V16: =Geometria!$H$166*R39+Geometria!$H$168*R16 -> 4654.4162 | W16: =Geometria!$H$166*R39*Geometria!$H$167/100-Geometria!$H$168*R16*Geometria!$H$169/100 -> 439.89463 | Y16: =P16/1000 -> -8.2931292
A17: σi,10 | B17: =IF(Geometria!$H$283<Geometria!$J$1030/100,"Reduzir","OK") -> OK | C17: =IF(B17="Reduzir",D17,F17) -> -1987.1087 | D17: =-$I$17/(Geometria!$H$36/100^2)+J17/(Geometria!$H$40/100^3)-Geometria!$H$744/(Geometria!$H$40/100^3) -> 13826.415 | E17: =('Perdas por Seção'!L60*(Geometria!$H$283*100))/Geometria!$J$1030 -> 1006.5047 | F17: =IF(H17="Sim",-('Isolamento de cabos'!$C$26)/(Geometria!$H$36/100^2)+('Isolamento de cabos'!$C$27)/(Geometria!$H$40/100^3)-Geometria!$H$744/(Geometria!$H$40/100^3),IF(M17="Sim",-'Perdas por Seção'!L99/(Geometria!$H$36/100^2)+'Perdas por Seção'!L100/(Geometria!$H$40/100^3)-Geometria!$H$744/(Geometria!$H$40/100^3),-'Perdas por Seção'!L99/(Geometria!$H$36/100^2)+'Perdas por Seção'!L100/(Geometria!$H$40/100^3)-Geometria!$H$744/(Geometria!$H$40/100^3))) -> -1987.1087 | H17: =IF(Geometria!$H$283<'Isolamento de cabos'!$C$8,"Sim","Não") -> Não | I17: =Geometria!$H$166*E40+Geometria!$H$168*E17 -> 5940.1659 | J17: =Geometria!$H$166*E40*Geometria!$H$167/100-Geometria!$H$168*E17*Geometria!$H$169/100 -> 561.41243 | L17: =C17/1000 -> -1.9871087 | M17: =IF(Geometria!$H$283<'Isolamento de cabos'!$C$10,"Sim","Não") -> Não | N17: σi,10 | O17: =IF(Geometria!$H$283<Geometria!$J$1030/100,"Reduzir","OK") -> OK | P17: =IF(O17="Reduzir",Q17,S17) -> -8619.8641 | Q17: =-(V17/(Geometria!$H$36/100^2))+(W17/(Geometria!$H$40/100^3))-((Geometria!$H$284)/(Geometria!$H$40/100^3))-((Geometria!$H$295)/(Geometria!$H$266))-((Geometria!$H$52*Geometria!$H$306)/(Geometria!$H$266)) -> 5360.0001 | R17: =('Perdas por Seção'!L92*(Geometria!$H$283*100))/Geometria!$J$1030 -> 739.14226 | S17: =IF(H17="Sim",-('Isolamento de cabos'!$C$58/(Geometria!$H$36/100^2))+('Isolamento de cabos'!$C$59/(Geometria!$H$40/100^3))-((Geometria!$H$284)/(Geometria!$H$40/100^3))-((Geometria!$H$295)/(Geometria!$H$266))-((Geometria!$H$52*Geometria!$H$306)/(Geometria!$H$266)),IF(M17="Sim",-('Perdas por Seção'!L97/(Geometria!$H$36/100^2))+('Perdas por Seção'!L98/(Geometria!$H$40/100^3))-((Geometria!$H$284)/(Geometria!$H$40/100^3))-((Geometria!$H$295)/(Geometria!$H$266))-((Geometria!$H$52*Geometria!$H$306)/(Geometria!$H$266)),-('Perdas por Seção'!L97/(Geometria!$H$36/100^2))+('Perdas por Seção'!L98/(Geometria!$H$40/100^3))-((Geometria!$H$284)/(Geometria!$H$40/100^3))-((Geometria!$H$295)/(Geometria!$H$266))-((Geometria!$H$52*Geometria!$H$306)/(Geometria!$H$266)))) -> -8619.8641 | V17: =Geometria!$H$166*R40+Geometria!$H$168*R17 -> 5251.373 | W17: =Geometria!$H$166*R40*Geometria!$H$167/100-Geometria!$H$168*R17*Geometria!$H$169/100 -> 496.31376 | Y17: =P17/1000 -> -8.6198641
A18: σi,11 | B18: =IF(Geometria!$I$283<Geometria!$J$1030/100,"Reduzir","OK") -> OK | C18: =IF(B18="Reduzir",D18,F18) -> -2033.9581 | D18: =-$I$18/(Geometria!$H$36/100^2)+J18/(Geometria!$H$40/100^3)-Geometria!$I$744/(Geometria!$H$40/100^3) -> 15840.515 | E18: =('Perdas por Seção'!M60*(Geometria!$I$283*100))/Geometria!$J$1030 -> 1117.6716 | F18: =IF(H18="Sim",-('Isolamento de cabos'!$C$26)/(Geometria!$H$36/100^2)+('Isolamento de cabos'!$C$27)/(Geometria!$H$40/100^3)-Geometria!$I$744/(Geometria!$H$40/100^3),IF(M18="Sim",-'Perdas por Seção'!M99/(Geometria!$H$36/100^2)+'Perdas por Seção'!M100/(Geometria!$H$40/100^3)-Geometria!$I$744/(Geometria!$H$40/100^3),-'Perdas por Seção'!M99/(Geometria!$H$36/100^2)+'Perdas por Seção'!M100/(Geometria!$H$40/100^3)-Geometria!$I$744/(Geometria!$H$40/100^3))) -> -2033.9581 | H18: =IF(Geometria!$I$283<'Isolamento de cabos'!$C$8,"Sim","Não") -> Não | I18: =Geometria!$H$166*E41+Geometria!$H$168*E18 -> 6601.4788 | J18: =Geometria!$H$166*E41*Geometria!$H$167/100-Geometria!$H$168*E18*Geometria!$H$169/100 -> 623.91393 | L18: =C18/1000 -> -2.0339581 | M18: =IF(Geometria!$I$283<'Isolamento de cabos'!$C$10,"Sim","Não") -> Não | N18: σi,11 | O18: =IF(Geometria!$I$283<Geometria!$J$1030/100,"Reduzir","OK") -> OK | P18: =IF(O18="Reduzir",Q18,S18) -> -8728.776 | Q18: =-(V18/(Geometria!$H$36/100^2))+(W18/(Geometria!$H$40/100^3))-((Geometria!$I$284)/(Geometria!$H$40/100^3))-((Geometria!$I$295)/(Geometria!$H$266))-((Geometria!$H$52*Geometria!$I$306)/(Geometria!$H$266)) -> 7085.1569 | R18: =('Perdas por Seção'!M92*(Geometria!$I$283*100))/Geometria!$J$1030 -> 818.61557 | S18: =IF(H18="Sim",-('Isolamento de cabos'!$C$58/(Geometria!$H$36/100^2))+('Isolamento de cabos'!$C$59/(Geometria!$H$40/100^3))-((Geometria!$I$284)/(Geometria!$H$40/100^3))-((Geometria!$I$295)/(Geometria!$H$266))-((Geometria!$H$52*Geometria!$I$306)/(Geometria!$H$266)),IF(M18="Sim",-('Perdas por Seção'!M97/(Geometria!$H$36/100^2))+('Perdas por Seção'!M98/(Geometria!$H$40/100^3))-((Geometria!$I$284)/(Geometria!$H$40/100^3))-((Geometria!$I$295)/(Geometria!$H$266))-((Geometria!$H$52*Geometria!$I$306)/(Geometria!$H$266)),-('Perdas por Seção'!M97/(Geometria!$H$36/100^2))+('Perdas por Seção'!M98/(Geometria!$H$40/100^3))-((Geometria!$I$284)/(Geometria!$H$40/100^3))-((Geometria!$I$295)/(Geometria!$H$266))-((Geometria!$H$52*Geometria!$I$306)/(Geometria!$H$266)))) -> -8728.776 | V18: =Geometria!$H$166*R41+Geometria!$H$168*R18 -> 5840.471 | W18: =Geometria!$H$166*R41*Geometria!$H$167/100-Geometria!$H$168*R18*Geometria!$H$169/100 -> 551.99014 | Y18: =P18/1000 -> -8.728776
A19: σi,12 | B19: =B17 -> OK | C19: =IF(B19="Reduzir",D19,F19) -> -1987.1087 | D19: =-$I$19/(Geometria!$H$36/100^2)+J19/(Geometria!$H$40/100^3)-Geometria!$J$744/(Geometria!$H$40/100^3) -> 13826.415 | E19: =('Perdas por Seção'!N60*(Geometria!$H$283*100))/Geometria!$J$1030 -> 1006.5047 | F19: =IF(H19="Sim",-('Isolamento de cabos'!$C$26)/(Geometria!$H$36/100^2)+('Isolamento de cabos'!$C$27)/(Geometria!$H$40/100^3)-Geometria!$J$744/(Geometria!$H$40/100^3),IF(M19="Sim",-'Perdas por Seção'!N99/(Geometria!$H$36/100^2)+'Perdas por Seção'!N100/(Geometria!$H$40/100^3)-Geometria!$J$744/(Geometria!$H$40/100^3),-'Perdas por Seção'!N99/(Geometria!$H$36/100^2)+'Perdas por Seção'!N100/(Geometria!$H$40/100^3)-Geometria!$J$744/(Geometria!$H$40/100^3))) -> -1987.1087 | H19: =IF(Geometria!$H$283<'Isolamento de cabos'!$C$8,"Sim","Não") -> Não | I19: =Geometria!$H$166*E42+Geometria!$H$168*E19 -> 5940.1659 | J19: =Geometria!$H$166*E42*Geometria!$H$167/100-Geometria!$H$168*E19*Geometria!$H$169/100 -> 561.41243 | L19: =C19/1000 -> -1.9871087 | M19: =IF(Geometria!$H$283<'Isolamento de cabos'!$C$10,"Sim","Não") -> Não | N19: σi,12 | O19: =O17 -> OK | P19: =IF(O19="Reduzir",Q19,S19) -> -8619.8641 | Q19: =-(V19/(Geometria!$H$36/100^2))+(W19/(Geometria!$H$40/100^3))-((Geometria!$J$284)/(Geometria!$H$40/100^3))-((Geometria!$J$295)/(Geometria!$H$266))-((Geometria!$H$52*Geometria!$J$306)/(Geometria!$H$266)) -> 5360.0001 | R19: =('Perdas por Seção'!N92*(Geometria!$H$283*100))/Geometria!$J$1030 -> 739.14226 | S19: =IF(H19="Sim",-('Isolamento de cabos'!$C$58/(Geometria!$H$36/100^2))+('Isolamento de cabos'!$C$59/(Geometria!$H$40/100^3))-((Geometria!$J$284)/(Geometria!$H$40/100^3))-((Geometria!$J$295)/(Geometria!$H$266))-((Geometria!$H$52*Geometria!$J$306)/(Geometria!$H$266)),IF(M19="Sim",-('Perdas por Seção'!N97/(Geometria!$H$36/100^2))+('Perdas por Seção'!N98/(Geometria!$H$40/100^3))-((Geometria!$J$284)/(Geometria!$H$40/100^3))-((Geometria!$J$295)/(Geometria!$H$266))-((Geometria!$H$52*Geometria!$J$306)/(Geometria!$H$266)),-('Perdas por Seção'!N97/(Geometria!$H$36/100^2))+('Perdas por Seção'!N98/(Geometria!$H$40/100^3))-((Geometria!$J$284)/(Geometria!$H$40/100^3))-((Geometria!$J$295)/(Geometria!$H$266))-((Geometria!$H$52*Geometria!$J$306)/(Geometria!$H$266)))) -> -8619.8641 | V19: =Geometria!$H$166*R42+Geometria!$H$168*R19 -> 5251.373 | W19: =Geometria!$H$166*R42*Geometria!$H$167/100-Geometria!$H$168*R19*Geometria!$H$169/100 -> 496.31376 | Y19: =P19/1000 -> -8.6198641
A20: σi,13 | B20: =B16 -> OK | C20: =IF(B20="Reduzir",D20,F20) -> -1846.5604 | D20: =-$I$20/(Geometria!$H$36/100^2)+J20/(Geometria!$H$40/100^3)-Geometria!$K$744/(Geometria!$H$40/100^3) -> 11901.425 | E20: =('Perdas por Seção'!O60*(Geometria!$G$283*100))/Geometria!$J$1030 -> 896.27166 | F20: =IF(H20="Sim",-('Isolamento de cabos'!$C$26)/(Geometria!$H$36/100^2)+('Isolamento de cabos'!$C$27)/(Geometria!$H$40/100^3)-Geometria!$K$744/(Geometria!$H$40/100^3),IF(M20="Sim",-'Perdas por Seção'!O99/(Geometria!$H$36/100^2)+'Perdas por Seção'!O100/(Geometria!$H$40/100^3)-Geometria!$K$744/(Geometria!$H$40/100^3),-'Perdas por Seção'!O99/(Geometria!$H$36/100^2)+'Perdas por Seção'!O100/(Geometria!$H$40/100^3)-Geometria!$K$744/(Geometria!$H$40/100^3))) -> -1846.5604 | H20: =IF(Geometria!$G$283<'Isolamento de cabos'!$C$8,"Sim","Não") -> Não | I20: =Geometria!$H$166*E43+Geometria!$H$168*E20 -> 5277.0407 | J20: =Geometria!$H$166*E43*Geometria!$H$167/100-Geometria!$H$168*E20*Geometria!$H$169/100 -> 498.73965 | L20: =C20/1000 -> -1.8465604 | M20: =IF(Geometria!$G$283<'Isolamento de cabos'!$C$10,"Sim","Não") -> Não | N20: σi,13 | O20: =O16 -> OK | P20: =IF(O20="Reduzir",Q20,S20) -> -8293.1292 | Q20: =-(V20/(Geometria!$H$36/100^2))+(W20/(Geometria!$H$40/100^3))-((Geometria!$K$284)/(Geometria!$H$40/100^3))-((Geometria!$K$295)/(Geometria!$H$266))-((Geometria!$H$52*Geometria!$K$306)/(Geometria!$H$266)) -> 3832.7667 | R20: =('Perdas por Seção'!O92*(Geometria!$G$283*100))/Geometria!$J$1030 -> 663.38401 | S20: =IF(H20="Sim",-('Isolamento de cabos'!$C$58/(Geometria!$H$36/100^2))+('Isolamento de cabos'!$C$59/(Geometria!$H$40/100^3))-((Geometria!$K$284)/(Geometria!$H$40/100^3))-((Geometria!$K$295)/(Geometria!$H$266))-((Geometria!$H$52*Geometria!$K$306)/(Geometria!$H$266)),IF(M20="Sim",-('Perdas por Seção'!O97/(Geometria!$H$36/100^2))+('Perdas por Seção'!O98/(Geometria!$H$40/100^3))-((Geometria!$K$284)/(Geometria!$H$40/100^3))-((Geometria!$K$295)/(Geometria!$H$266))-((Geometria!$H$52*Geometria!$K$306)/(Geometria!$H$266)),-('Perdas por Seção'!O97/(Geometria!$H$36/100^2))+('Perdas por Seção'!O98/(Geometria!$H$40/100^3))-((Geometria!$K$284)/(Geometria!$H$40/100^3))-((Geometria!$K$295)/(Geometria!$H$266))-((Geometria!$H$52*Geometria!$K$306)/(Geometria!$H$266)))) -> -8293.1292 | V20: =Geometria!$H$166*R43+Geometria!$H$168*R20 -> 4654.4162 | W20: =Geometria!$H$166*R43*Geometria!$H$167/100-Geometria!$H$168*R20*Geometria!$H$169/100 -> 439.89463 | Y20: =P20/1000 -> -8.2931292
A21: σi,14 | B21: =B15 -> OK | C21: =IF(B21="Reduzir",D21,F21) -> -1612.3133 | D21: =-$I$21/(Geometria!$H$36/100^2)+J21/(Geometria!$H$40/100^3)-Geometria!$L$744/(Geometria!$H$40/100^3) -> 10067.966 | E21: =('Perdas por Seção'!P60*(Geometria!$N$280*100))/Geometria!$J$1030 -> 786.5722 | F21: =IF(H21="Sim",-('Isolamento de cabos'!$C$26)/(Geometria!$H$36/100^2)+('Isolamento de cabos'!$C$27)/(Geometria!$H$40/100^3)-Geometria!$L$744/(Geometria!$H$40/100^3),IF(M21="Sim",-'Perdas por Seção'!P99/(Geometria!$H$36/100^2)+'Perdas por Seção'!P100/(Geometria!$H$40/100^3)-Geometria!$L$744/(Geometria!$H$40/100^3),-'Perdas por Seção'!P99/(Geometria!$H$36/100^2)+'Perdas por Seção'!P100/(Geometria!$H$40/100^3)-Geometria!$L$744/(Geometria!$H$40/100^3))) -> -1612.3133 | H21: =IF(Geometria!$N$280<'Isolamento de cabos'!$C$8,"Sim","Não") -> Não | I21: =Geometria!$H$166*E44+Geometria!$H$168*E21 -> 4612.88 | J21: =Geometria!$H$166*E44*Geometria!$H$167/100-Geometria!$H$168*E21*Geometria!$H$169/100 -> 435.969 | L21: =C21/1000 -> -1.6123133 | M21: =IF(Geometria!$N$280<'Isolamento de cabos'!$C$10,"Sim","Não") -> Não | N21: σi,14 | O21: =O15 -> OK | P21: =IF(O21="Reduzir",Q21,S21) -> -7748.5743 | Q21: =-(V21/(Geometria!$H$36/100^2))+(W21/(Geometria!$H$40/100^3))-((Geometria!$L$284)/(Geometria!$H$40/100^3))-((Geometria!$L$295)/(Geometria!$H$266))-((Geometria!$H$52*Geometria!$L$306)/(Geometria!$H$266)) -> 2513.9406 | R21: =('Perdas por Seção'!P92*(Geometria!$N$280*100))/Geometria!$J$1030 -> 589.74864 | S21: =IF(H21="Sim",-('Isolamento de cabos'!$C$58/(Geometria!$H$36/100^2))+('Isolamento de cabos'!$C$59/(Geometria!$H$40/100^3))-((Geometria!$L$284)/(Geometria!$H$40/100^3))-((Geometria!$L$295)/(Geometria!$H$266))-((Geometria!$H$52*Geometria!$L$306)/(Geometria!$H$266)),IF(M21="Sim",-('Perdas por Seção'!P97/(Geometria!$H$36/100^2))+('Perdas por Seção'!P98/(Geometria!$H$40/100^3))-((Geometria!$L$284)/(Geometria!$H$40/100^3))-((Geometria!$L$295)/(Geometria!$H$266))-((Geometria!$H$52*Geometria!$L$306)/(Geometria!$H$266)),-('Perdas por Seção'!P97/(Geometria!$H$36/100^2))+('Perdas por Seção'!P98/(Geometria!$H$40/100^3))-((Geometria!$L$284)/(Geometria!$H$40/100^3))-((Geometria!$L$295)/(Geometria!$H$266))-((Geometria!$H$52*Geometria!$L$306)/(Geometria!$H$266)))) -> -7748.5743 | V21: =Geometria!$H$166*R44+Geometria!$H$168*R21 -> 4052.9637 | W21: =Geometria!$H$166*R44*Geometria!$H$167/100-Geometria!$H$168*R21*Geometria!$H$169/100 -> 383.05061 | Y21: =P21/1000 -> -7.7485743
A22: σi,15 | B22: =B14 -> OK | C22: =IF(B22="Reduzir",D22,F22) -> -1284.3674 | D22: =-$I$22/(Geometria!$H$36/100^2)+J22/(Geometria!$H$40/100^3)-Geometria!$M$744/(Geometria!$H$40/100^3) -> 8328.4598 | E22: =('Perdas por Seção'!Q60*(Geometria!$M$280*100))/Geometria!$J$1030 -> 677.00614 | F22: =IF(H22="Sim",-('Isolamento de cabos'!$C$26)/(Geometria!$H$36/100^2)+('Isolamento de cabos'!$C$27)/(Geometria!$H$40/100^3)-Geometria!$M$744/(Geometria!$H$40/100^3),IF(M22="Sim",-'Perdas por Seção'!Q99/(Geometria!$H$36/100^2)+'Perdas por Seção'!Q100/(Geometria!$H$40/100^3)-Geometria!$M$744/(Geometria!$H$40/100^3),-'Perdas por Seção'!Q99/(Geometria!$H$36/100^2)+'Perdas por Seção'!Q100/(Geometria!$H$40/100^3)-Geometria!$M$744/(Geometria!$H$40/100^3))) -> -1284.3674 | H22: =IF(Geometria!$M$280<'Isolamento de cabos'!$C$8,"Sim","Não") -> Não | I22: =Geometria!$H$166*E45+Geometria!$H$168*E22 -> 3948.4604 | J22: =Geometria!$H$166*E45*Geometria!$H$167/100-Geometria!$H$168*E22*Geometria!$H$169/100 -> 373.17388 | L22: =C22/1000 -> -1.2843674 | M22: =IF(Geometria!$M$280<'Isolamento de cabos'!$C$10,"Sim","Não") -> Não | N22: σi,15 | O22: =O14 -> OK | P22: =IF(O22="Reduzir",Q22,S22) -> -6986.2039 | Q22: =-(V22/(Geometria!$H$36/100^2))+(W22/(Geometria!$H$40/100^3))-((Geometria!$M$284)/(Geometria!$H$40/100^3))-((Geometria!$M$295)/(Geometria!$H$266))-((Geometria!$H$52*Geometria!$M$306)/(Geometria!$H$266)) -> 1414.0056 | R22: =('Perdas por Seção'!Q92*(Geometria!$M$280*100))/Geometria!$J$1030 -> 516.644 | S22: =IF(H22="Sim",-('Isolamento de cabos'!$C$58/(Geometria!$H$36/100^2))+('Isolamento de cabos'!$C$59/(Geometria!$H$40/100^3))-((Geometria!$M$284)/(Geometria!$H$40/100^3))-((Geometria!$M$295)/(Geometria!$H$266))-((Geometria!$H$52*Geometria!$M$306)/(Geometria!$H$266)),IF(M22="Sim",-('Perdas por Seção'!Q97/(Geometria!$H$36/100^2))+('Perdas por Seção'!Q98/(Geometria!$H$40/100^3))-((Geometria!$M$284)/(Geometria!$H$40/100^3))-((Geometria!$M$295)/(Geometria!$H$266))-((Geometria!$H$52*Geometria!$M$306)/(Geometria!$H$266)),-('Perdas por Seção'!Q97/(Geometria!$H$36/100^2))+('Perdas por Seção'!Q98/(Geometria!$H$40/100^3))-((Geometria!$M$284)/(Geometria!$H$40/100^3))-((Geometria!$M$295)/(Geometria!$H$266))-((Geometria!$H$52*Geometria!$M$306)/(Geometria!$H$266)))) -> -6986.2039 | V22: =Geometria!$H$166*R45+Geometria!$H$168*R22 -> 3450.3787 | W22: =Geometria!$H$166*R45*Geometria!$H$167/100-Geometria!$H$168*R22*Geometria!$H$169/100 -> 326.09956 | Y22: =P22/1000 -> -6.9862039
A23: σi,16 | B23: =B13 -> OK | C23: =IF(B23="Reduzir",D23,F23) -> -862.72259 | D23: =-$I$23/(Geometria!$H$36/100^2)+J23/(Geometria!$H$40/100^3)-Geometria!$N$744/(Geometria!$H$40/100^3) -> 6685.3266 | E23: =('Perdas por Seção'!R60*(Geometria!$L$280*100))/Geometria!$J$1030 -> 567.17328 | F23: =IF(H23="Sim",-('Isolamento de cabos'!$C$26)/(Geometria!$H$36/100^2)+('Isolamento de cabos'!$C$27)/(Geometria!$H$40/100^3)-Geometria!$N$744/(Geometria!$H$40/100^3),IF(M23="Sim",-'Perdas por Seção'!R99/(Geometria!$H$36/100^2)+'Perdas por Seção'!R100/(Geometria!$H$40/100^3)-Geometria!$N$744/(Geometria!$H$40/100^3),-'Perdas por Seção'!R99/(Geometria!$H$36/100^2)+'Perdas por Seção'!R100/(Geometria!$H$40/100^3)-Geometria!$N$744/(Geometria!$H$40/100^3))) -> -862.72259 | H23: =IF(Geometria!$L$280<'Isolamento de cabos'!$C$8,"Sim","Não") -> Não | I23: =Geometria!$H$166*E46+Geometria!$H$168*E23 -> 3284.5585 | J23: =Geometria!$H$166*E46*Geometria!$H$167/100-Geometria!$H$168*E23*Geometria!$H$169/100 -> 310.42769 | L23: =C23/1000 -> -0.86272259 | M23: =IF(Geometria!$L$280<'Isolamento de cabos'!$C$10,"Sim","Não") -> Não | N23: σi,16 | O23: =O13 -> OK | P23: =IF(O23="Reduzir",Q23,S23) -> -6006.0247 | Q23: =-(V23/(Geometria!$H$36/100^2))+(W23/(Geometria!$H$40/100^3))-((Geometria!$N$284)/(Geometria!$H$40/100^3))-((Geometria!$N$295)/(Geometria!$H$266))-((Geometria!$H$52*Geometria!$N$306)/(Geometria!$H$266)) -> 543.45285 | R23: =('Perdas por Seção'!R92*(Geometria!$L$280*100))/Geometria!$J$1030 -> 442.47791 | S23: =IF(H23="Sim",-('Isolamento de cabos'!$C$58/(Geometria!$H$36/100^2))+('Isolamento de cabos'!$C$59/(Geometria!$H$40/100^3))-((Geometria!$N$284)/(Geometria!$H$40/100^3))-((Geometria!$N$295)/(Geometria!$H$266))-((Geometria!$H$52*Geometria!$N$306)/(Geometria!$H$266)),IF(M23="Sim",-('Perdas por Seção'!R97/(Geometria!$H$36/100^2))+('Perdas por Seção'!R98/(Geometria!$H$40/100^3))-((Geometria!$N$284)/(Geometria!$H$40/100^3))-((Geometria!$N$295)/(Geometria!$H$266))-((Geometria!$H$52*Geometria!$N$306)/(Geometria!$H$266)),-('Perdas por Seção'!R97/(Geometria!$H$36/100^2))+('Perdas por Seção'!R98/(Geometria!$H$40/100^3))-((Geometria!$N$284)/(Geometria!$H$40/100^3))-((Geometria!$N$295)/(Geometria!$H$266))-((Geometria!$H$52*Geometria!$N$306)/(Geometria!$H$266)))) -> -6006.0247 | V23: =Geometria!$H$166*R46+Geometria!$H$168*R23 -> 2850.0268 | W23: =Geometria!$H$166*R46*Geometria!$H$167/100-Geometria!$H$168*R23*Geometria!$H$169/100 -> 269.35956 | Y23: =P23/1000 -> -6.0060247
A24: σi,17 | B24: =B12 -> OK | C24: =IF(B24="Reduzir",D24,F24) -> -347.37894 | D24: =-$I$24/(Geometria!$H$36/100^2)+J24/(Geometria!$H$40/100^3)-Geometria!$G$747/(Geometria!$H$40/100^3) -> 5140.9879 | E24: =('Perdas por Seção'!S60*(Geometria!$K$280*100))/Geometria!$J$1030 -> 456.67342 | F24: =IF(H24="Sim",-('Isolamento de cabos'!$C$26)/(Geometria!$H$36/100^2)+('Isolamento de cabos'!$C$27)/(Geometria!$H$40/100^3)-Geometria!$G$747/(Geometria!$H$40/100^3),IF(M24="Sim",-'Perdas por Seção'!S99/(Geometria!$H$36/100^2)+'Perdas por Seção'!S100/(Geometria!$H$40/100^3)-Geometria!$G$747/(Geometria!$H$40/100^3),-'Perdas por Seção'!S99/(Geometria!$H$36/100^2)+'Perdas por Seção'!S100/(Geometria!$H$40/100^3)-Geometria!$G$747/(Geometria!$H$40/100^3))) -> -347.37894 | H24: =IF(Geometria!$K$280<'Isolamento de cabos'!$C$8,"Sim","Não") -> Não | I24: =Geometria!$H$166*E47+Geometria!$H$168*E24 -> 2621.9512 | J24: =Geometria!$H$166*E47*Geometria!$H$167/100-Geometria!$H$168*E24*Geometria!$H$169/100 -> 247.80385 | L24: =C24/1000 -> -0.34737894 | M24: =IF(Geometria!$K$280<'Isolamento de cabos'!$C$10,"Sim","Não") -> Não | N24: σi,17 | O24: =O12 -> OK | P24: =IF(O24="Reduzir",Q24,S24) -> -4808.045 | Q24: =-(V24/(Geometria!$H$36/100^2))+(W24/(Geometria!$H$40/100^3))-((Geometria!$G$287)/(Geometria!$H$40/100^3))-((Geometria!$G$298)/(Geometria!$H$266))-((Geometria!$H$52*Geometria!$G$309)/(Geometria!$H$266)) -> -87.212651 | R24: =('Perdas por Seção'!S92*(Geometria!$K$280*100))/Geometria!$J$1030 -> 365.65821 | S24: =IF(H24="Sim",-('Isolamento de cabos'!$C$58/(Geometria!$H$36/100^2))+('Isolamento de cabos'!$C$59/(Geometria!$H$40/100^3))-((Geometria!$G$287)/(Geometria!$H$40/100^3))-((Geometria!$G$298)/(Geometria!$H$266))-((Geometria!$H$52*Geometria!$G$309)/(Geometria!$H$266)),IF(M24="Sim",-('Perdas por Seção'!S97/(Geometria!$H$36/100^2))+('Perdas por Seção'!S98/(Geometria!$H$40/100^3))-((Geometria!$G$287)/(Geometria!$H$40/100^3))-((Geometria!$G$298)/(Geometria!$H$266))-((Geometria!$H$52*Geometria!$G$309)/(Geometria!$H$266)),-('Perdas por Seção'!S97/(Geometria!$H$36/100^2))+('Perdas por Seção'!S98/(Geometria!$H$40/100^3))-((Geometria!$G$287)/(Geometria!$H$40/100^3))-((Geometria!$G$298)/(Geometria!$H$266))-((Geometria!$H$52*Geometria!$G$309)/(Geometria!$H$266)))) -> -4808.045 | V24: =Geometria!$H$166*R47+Geometria!$H$168*R24 -> 2255.2778 | W24: =Geometria!$H$166*R47*Geometria!$H$167/100-Geometria!$H$168*R24*Geometria!$H$169/100 -> 213.14909 | Y24: =P24/1000 -> -4.808045
A25: σi,18 | B25: =B11 -> OK | C25: =IF(B25="Reduzir",D25,F25) -> 261.66354 | D25: =-I25/(Geometria!$H$36/100^2)+J25/(Geometria!$H$40/100^3)-Geometria!$H$747/(Geometria!$H$40/100^3) -> 3697.8648 | E25: =('Perdas por Seção'!T60*(Geometria!$J$280*100))/Geometria!$J$1030 -> 345.10636 | F25: =IF(H25="Sim",-('Isolamento de cabos'!$C$26)/(Geometria!$H$36/100^2)+('Isolamento de cabos'!$C$27)/(Geometria!$H$40/100^3)-Geometria!$H$747/(Geometria!$H$40/100^3),IF(M25="Sim",-'Perdas por Seção'!T99/(Geometria!$H$36/100^2)+'Perdas por Seção'!T100/(Geometria!$H$40/100^3)-Geometria!$H$747/(Geometria!$H$40/100^3),-'Perdas por Seção'!T99/(Geometria!$H$36/100^2)+'Perdas por Seção'!T100/(Geometria!$H$40/100^3)-Geometria!$H$747/(Geometria!$H$40/100^3))) -> 261.66354 | H25: =IF(Geometria!$J$280<'Isolamento de cabos'!$C$8,"Sim","Não") -> Não | I25: =Geometria!$H$166*E48+Geometria!$H$168*E25 -> 1961.415 | J25: =Geometria!$H$166*E48*Geometria!$H$167/100-Geometria!$H$168*E25*Geometria!$H$169/100 -> 185.37575 | L25: =C25/1000 -> 0.26166354 | M25: =IF(Geometria!$J$280<'Isolamento de cabos'!$C$10,"Sim","Não") -> Não | N25: σi,18 | O25: =O11 -> OK | P25: =IF(O25="Reduzir",Q25,S25) -> -3392.2751 | Q25: =-(V25/(Geometria!$H$36/100^2))+(W25/(Geometria!$H$40/100^3))-((Geometria!$H$287)/(Geometria!$H$40/100^3))-((Geometria!$H$298)/(Geometria!$H$266))-((Geometria!$H$52*Geometria!$H$309)/(Geometria!$H$266)) -> -467.4643 | R25: =('Perdas por Seção'!T92*(Geometria!$J$280*100))/Geometria!$J$1030 -> 284.59274 | S25: =IF(H25="Sim",-('Isolamento de cabos'!$C$58/(Geometria!$H$36/100^2))+('Isolamento de cabos'!$C$59/(Geometria!$H$40/100^3))-((Geometria!$H$287)/(Geometria!$H$40/100^3))-((Geometria!$H$298)/(Geometria!$H$266))-((Geometria!$H$52*Geometria!$H$309)/(Geometria!$H$266)),IF(M25="Sim",-('Perdas por Seção'!T97/(Geometria!$H$36/100^2))+('Perdas por Seção'!T98/(Geometria!$H$40/100^3))-((Geometria!$H$287)/(Geometria!$H$40/100^3))-((Geometria!$H$298)/(Geometria!$H$266))-((Geometria!$H$52*Geometria!$H$309)/(Geometria!$H$266)),-('Perdas por Seção'!T97/(Geometria!$H$36/100^2))+('Perdas por Seção'!T98/(Geometria!$H$40/100^3))-((Geometria!$H$287)/(Geometria!$H$40/100^3))-((Geometria!$H$298)/(Geometria!$H$266))-((Geometria!$H$52*Geometria!$H$309)/(Geometria!$H$266)))) -> -3392.2751 | V25: =Geometria!$H$166*R48+Geometria!$H$168*R25 -> 1669.5086 | W25: =Geometria!$H$166*R48*Geometria!$H$167/100-Geometria!$H$168*R25*Geometria!$H$169/100 -> 157.78733 | Y25: =P25/1000 -> -3.3922751
A26: σi,19 | B26: =B10 -> OK | C26: =IF(B26="Reduzir",D26,F26) -> 964.40488 | D26: =-I26/(Geometria!$H$36/100^2)+J26/(Geometria!$H$40/100^3)-Geometria!$I$747/(Geometria!$H$40/100^3) -> 2358.3784 | E26: =('Perdas por Seção'!U60*(Geometria!$I$280*100))/Geometria!$J$1030 -> 232.0719 | F26: =IF(H26="Sim",-('Isolamento de cabos'!$C$26)/(Geometria!$H$36/100^2)+('Isolamento de cabos'!$C$27)/(Geometria!$H$40/100^3)-Geometria!$I$747/(Geometria!$H$40/100^3),IF(M26="Sim",-'Perdas por Seção'!U99/(Geometria!$H$36/100^2)+'Perdas por Seção'!U100/(Geometria!$H$40/100^3)-Geometria!$I$747/(Geometria!$H$40/100^3),-'Perdas por Seção'!U99/(Geometria!$H$36/100^2)+'Perdas por Seção'!U100/(Geometria!$H$40/100^3)-Geometria!$I$747/(Geometria!$H$40/100^3))) -> 964.40488 | H26: =IF(Geometria!$I$280<'Isolamento de cabos'!$C$8,"Sim","Não") -> Não | I26: =Geometria!$H$166*E49+Geometria!$H$168*E26 -> 1303.7266 | J26: =Geometria!$H$166*E49*Geometria!$H$167/100-Geometria!$H$168*E26*Geometria!$H$169/100 -> 123.21681 | L26: =C26/1000 -> 0.96440488 | M26: =IF(Geometria!$I$280<'Isolamento de cabos'!$C$10,"Sim","Não") -> Não | N26: σi,19 | O26: =O10 -> OK | P26: =IF(O26="Reduzir",Q26,S26) -> -1758.7273 | Q26: =-(V26/(Geometria!$H$36/100^2))+(W26/(Geometria!$H$40/100^3))-((Geometria!$I$287)/(Geometria!$H$40/100^3))-((Geometria!$I$298)/(Geometria!$H$266))-((Geometria!$H$52*Geometria!$I$309)/(Geometria!$H$266)) -> -586.74704 | R26: =('Perdas por Seção'!U92*(Geometria!$I$280*100))/Geometria!$J$1030 -> 197.68932 | S26: =IF(H26="Sim",-('Isolamento de cabos'!$C$58/(Geometria!$H$36/100^2))+('Isolamento de cabos'!$C$59/(Geometria!$H$40/100^3))-((Geometria!$I$287)/(Geometria!$H$40/100^3))-((Geometria!$I$298)/(Geometria!$H$266))-((Geometria!$H$52*Geometria!$I$309)/(Geometria!$H$266)),IF(M26="Sim",-('Perdas por Seção'!U97/(Geometria!$H$36/100^2))+('Perdas por Seção'!U98/(Geometria!$H$40/100^3))-((Geometria!$I$287)/(Geometria!$H$40/100^3))-((Geometria!$I$298)/(Geometria!$H$266))-((Geometria!$H$52*Geometria!$I$309)/(Geometria!$H$266)),-('Perdas por Seção'!U97/(Geometria!$H$36/100^2))+('Perdas por Seção'!U98/(Geometria!$H$40/100^3))-((Geometria!$I$287)/(Geometria!$H$40/100^3))-((Geometria!$I$298)/(Geometria!$H$266))-((Geometria!$H$52*Geometria!$I$309)/(Geometria!$H$266)))) -> -1758.7273 | V26: =Geometria!$H$166*R49+Geometria!$H$168*R26 -> 1096.1054 | W26: =Geometria!$H$166*R49*Geometria!$H$167/100-Geometria!$H$168*R26*Geometria!$H$169/100 -> 103.59427 | Y26: =P26/1000 -> -1.7587273
A27: σi,20 | B27: =B9 -> OK | C27: =IF(B27="Reduzir",D27,F27) -> 1760.8451 | D27: =-I27/(Geometria!$H$36/100^2)+J27/(Geometria!$H$40/100^3)-Geometria!$J$747/(Geometria!$H$40/100^3) -> 1124.9497 | E27: =('Perdas por Seção'!V60*(Geometria!$H$280*100))/Geometria!$J$1030 -> 117.16985 | F27: =IF(H27="Sim",-('Isolamento de cabos'!$C$26)/(Geometria!$H$36/100^2)+('Isolamento de cabos'!$C$27)/(Geometria!$H$40/100^3)-Geometria!$J$747/(Geometria!$H$40/100^3),IF(M27="Sim",-'Perdas por Seção'!V99/(Geometria!$H$36/100^2)+'Perdas por Seção'!V100/(Geometria!$H$40/100^3)-Geometria!$J$747/(Geometria!$H$40/100^3),-'Perdas por Seção'!V99/(Geometria!$H$36/100^2)+'Perdas por Seção'!V100/(Geometria!$H$40/100^3)-Geometria!$J$747/(Geometria!$H$40/100^3))) -> 1760.8451 | H27: =IF(Geometria!$H$280<'Isolamento de cabos'!$C$8,"Sim","Não") -> Não | I27: =Geometria!$H$166*E50+Geometria!$H$168*E27 -> 649.66269 | J27: =Geometria!$H$166*E50*Geometria!$H$167/100-Geometria!$H$168*E27*Geometria!$H$169/100 -> 61.400425 | L27: =C27/1000 -> 1.7608451 | M27: =IF(Geometria!$H$280<'Isolamento de cabos'!$C$10,"Sim","Não") -> Não | N27: σi,20 | O27: =O9 -> OK | P27: =IF(O27="Reduzir",Q27,S27) -> 92.584347 | Q27: =-(V27/(Geometria!$H$36/100^2))+(W27/(Geometria!$H$40/100^3))-((Geometria!$J$287)/(Geometria!$H$40/100^3))-((Geometria!$J$298)/(Geometria!$H$266))-((Geometria!$H$52*Geometria!$J$309)/(Geometria!$H$266)) -> -434.47014 | R27: =('Perdas por Seção'!V92*(Geometria!$H$280*100))/Geometria!$J$1030 -> 103.3558 | S27: =IF(H27="Sim",-('Isolamento de cabos'!$C$58/(Geometria!$H$36/100^2))+('Isolamento de cabos'!$C$59/(Geometria!$H$40/100^3))-((Geometria!$J$287)/(Geometria!$H$40/100^3))-((Geometria!$J$298)/(Geometria!$H$266))-((Geometria!$H$52*Geometria!$J$309)/(Geometria!$H$266)),IF(M27="Sim",-('Perdas por Seção'!V97/(Geometria!$H$36/100^2))+('Perdas por Seção'!V98/(Geometria!$H$40/100^3))-((Geometria!$J$287)/(Geometria!$H$40/100^3))-((Geometria!$J$298)/(Geometria!$H$266))-((Geometria!$H$52*Geometria!$J$309)/(Geometria!$H$266)),-('Perdas por Seção'!V97/(Geometria!$H$36/100^2))+('Perdas por Seção'!V98/(Geometria!$H$40/100^3))-((Geometria!$J$287)/(Geometria!$H$40/100^3))-((Geometria!$J$298)/(Geometria!$H$266))-((Geometria!$H$52*Geometria!$J$309)/(Geometria!$H$266)))) -> 92.584347 | V27: =Geometria!$H$166*R50+Geometria!$H$168*R27 -> 538.46542 | W27: =Geometria!$H$166*R50*Geometria!$H$167/100-Geometria!$H$168*R27*Geometria!$H$169/100 -> 50.891033 | Y27: =P27/1000 -> 0.092584347
A28: σi,21 | B28: =B8 -> Reduzir | E28: 0 | F28: 0 | L28: =C28/1000 -> 0 | N28: σi,21 | O28: =O8 -> Reduzir | R28: 0 | S28: 0 | Y28: =P28/1000 -> 0
C29: Tensão | D29: Tensão na cordoalha reduzida pelo comprimento de transferência | F29: Tensão calculada | I29: Np | J29: Mp | P29: Tensão | Q29: Tensão na cordoalha reduzida pelo comprimento de transferência | S29: Tensão calculada | V29: Np | W29: Mp
A31: σi,1 | B31: =IF(Geometria!$G$280<Geometria!$J$1031/100,"Reduzir","OK") -> Reduzir | C31: =IF(B31="Reduzir",D31,F31) -> 0 | D31: 0 | E31: 0 | F31: 0 | I31: 0 | J31: 0 | L31: =C31/1000 -> 0 | N31: σi,1 | O31: =IF(Geometria!$G$280<Geometria!$J$1031/100,"Reduzir","OK") -> Reduzir | P31: =IF(O31="Reduzir",Q31,S31) -> 0 | Q31: 0 | R31: 0 | S31: 0 | V31: 0 | W31: 0 | Y31: =P31/1000 -> 0
A32: σi,2 | B32: =IF(Geometria!$H$280<Geometria!$J$1031/100,"Reduzir","OK") -> Reduzir | C32: =IF(B32="Reduzir",D32,F32) -> -9418.6991 | D32: =-I32/(Geometria!$H$36/100^2)-J32/(Geometria!$H$41/100^3)+Geometria!$H$741/(Geometria!$H$41/100^3) -> -9418.6991 | E32: =('Perdas por Seção'!D59*(Geometria!$H$280*100))/Geometria!$J$1031 -> 82.277443 | F32: =IF(H32="Sim",-('Isolamento de cabos'!$C$26)/(Geometria!$H$36/100^2)-('Isolamento de cabos'!$C$27)/(Geometria!$H$41/100^3)+Geometria!$H$741/(Geometria!$H$41/100^3),IF(M32="Sim",-'Perdas por Seção'!D99/(Geometria!$H$36/100^2)-'Perdas por Seção'!D100/(Geometria!$H$41/100^3)+Geometria!$H$741/(Geometria!$H$41/100^3),-'Perdas por Seção'!D99/(Geometria!$H$36/100^2)-'Perdas por Seção'!D100/(Geometria!$H$41/100^3)+Geometria!$H$741/(Geometria!$H$41/100^3))) -> -12656.606 | H32: =IF(Geometria!$H$280<'Isolamento de cabos'!$C$8,"Sim","Não") -> Não | I32: =Geometria!$H$166*E32+Geometria!$H$168*E9 -> 649.66269 | J32: =Geometria!$H$166*E32*Geometria!$H$167/100-Geometria!$H$168*E9*Geometria!$H$169/100 -> 61.400425 | L32: =C32/1000 -> -9.4186991 | M32: =IF(Geometria!$H$280<'Isolamento de cabos'!$C$10,"Sim","Não") -> Não | N32: σi,2 | O32: =IF(Geometria!$H$280<Geometria!$J$1031/100,"Reduzir","OK") -> Reduzir | P32: =IF(O32="Reduzir",Q32,S32) -> -5929.594 | Q32: =-(V32/(Geometria!$H$36/100^2))-(W32/(Geometria!$H$41/100^3))+((Geometria!$H$281)/(Geometria!$H$41/100^3))+((Geometria!$H$292)/(Geometria!$I$41/100^3))+((Geometria!$H$52*Geometria!$H$303)/(Geometria!$I$41/100^3)) -> -5929.594 | R32: =('Perdas por Seção'!D91*(Geometria!$H$280*100))/Geometria!$J$1031 -> 68.194708 | S32: =IF(H32="Sim",-('Isolamento de cabos'!$C$58/(Geometria!$H$36/100^2))-('Isolamento de cabos'!$C$59/(Geometria!$H$41/100^3))+((Geometria!$H$281)/(Geometria!$H$41/100^3))+((Geometria!$H$292)/(Geometria!$I$41/100^3))+((Geometria!$H$52*Geometria!$H$303)/(Geometria!$I$41/100^3)),IF(M32="Sim",-('Perdas por Seção'!D97/(Geometria!$H$36/100^2))-('Perdas por Seção'!D98/(Geometria!$H$41/100^3))+((Geometria!$H$281)/(Geometria!$H$41/100^3))+((Geometria!$H$292)/(Geometria!$I$41/100^3))+((Geometria!$H$52*Geometria!$H$303)/(Geometria!$I$41/100^3)),-('Perdas por Seção'!D97/(Geometria!$H$36/100^2))-('Perdas por Seção'!D98/(Geometria!$H$41/100^3))+((Geometria!$H$281)/(Geometria!$H$41/100^3))+((Geometria!$H$292)/(Geometria!$I$41/100^3))+((Geometria!$H$52*Geometria!$H$303)/(Geometria!$I$41/100^3)))) -> -8613.2956 | V32: =Geometria!$H$166*R32+Geometria!$H$168*R9 -> 538.46542 | W32: =Geometria!$H$166*R32*Geometria!$H$167/100-Geometria!$H$168*R9*Geometria!$H$169/100 -> 50.891033 | Y32: =P32/1000 -> -5.929594 | AB32: =-(Geometria!$J$242/(Geometria!$H$36/100^2))-(Geometria!$J$243/(Geometria!$H$41/100^3))+((Geometria!$H$281)/(Geometria!$H$41/100^3))+((Geometria!$H$292)/(Geometria!$I$41/100^3))+((Geometria!$H$52*Geometria!$H$303)/(Geometria!$I$41/100^3)) -> -9563.9783
A33: σi,3 | B33: =IF(Geometria!$I$280<Geometria!$J$1031/100,"Reduzir","OK") -> OK | C33: =IF(B33="Reduzir",D33,F33) -> -11903.323 | D33: =-I33/(Geometria!$H$36/100^2)-J33/(Geometria!$H$41/100^3)+Geometria!$I$741/(Geometria!$H$41/100^3) -> -19001.278 | E33: =('Perdas por Seção'!E59*(Geometria!$I$280*100))/Geometria!$J$1031 -> 165.11228 | F33: =IF(H33="Sim",-('Isolamento de cabos'!$C$26)/(Geometria!$H$36/100^2)-('Isolamento de cabos'!$C$27)/(Geometria!$H$41/100^3)+Geometria!$I$741/(Geometria!$H$41/100^3),IF(M33="Sim",-'Perdas por Seção'!E99/(Geometria!$H$36/100^2)-'Perdas por Seção'!E100/(Geometria!$H$41/100^3)+Geometria!$I$741/(Geometria!$H$41/100^3),-'Perdas por Seção'!E99/(Geometria!$H$36/100^2)-'Perdas por Seção'!E100/(Geometria!$H$41/100^3)+Geometria!$I$741/(Geometria!$H$41/100^3))) -> -11903.323 | H33: =IF(Geometria!$I$280<'Isolamento de cabos'!$C$8,"Sim","Não") -> Não | I33: =Geometria!$H$166*E33+Geometria!$H$168*E10 -> 1303.7266 | J33: =Geometria!$H$166*E33*Geometria!$H$167/100-Geometria!$H$168*E10*Geometria!$H$169/100 -> 123.21681 | L33: =C33/1000 -> -11.903323 | M33: =IF(Geometria!$I$280<'Isolamento de cabos'!$C$10,"Sim","Não") -> Não | N33: σi,3 | O33: =IF(Geometria!$I$280<Geometria!$J$1031/100,"Reduzir","OK") -> OK | P33: =IF(O33="Reduzir",Q33,S33) -> -6471.4549 | Q33: =-(V33/(Geometria!$H$36/100^2))-(W33/(Geometria!$H$41/100^3))+((Geometria!$I$281)/(Geometria!$H$41/100^3))+((Geometria!$I$292)/(Geometria!$I$41/100^3))+((Geometria!$H$52*Geometria!$I$303)/(Geometria!$I$41/100^3)) -> -12439.045 | R33: =('Perdas por Seção'!E91*(Geometria!$I$280*100))/Geometria!$J$1031 -> 138.8178 | S33: =IF(H33="Sim",-('Isolamento de cabos'!$C$58/(Geometria!$H$36/100^2))-('Isolamento de cabos'!$C$59/(Geometria!$H$41/100^3))+((Geometria!$I$281)/(Geometria!$H$41/100^3))+((Geometria!$I$292)/(Geometria!$I$41/100^3))+((Geometria!$H$52*Geometria!$I$303)/(Geometria!$I$41/100^3)),IF(M33="Sim",-('Perdas por Seção'!E97/(Geometria!$H$36/100^2))-('Perdas por Seção'!E98/(Geometria!$H$41/100^3))+((Geometria!$I$281)/(Geometria!$H$41/100^3))+((Geometria!$I$292)/(Geometria!$I$41/100^3))+((Geometria!$H$52*Geometria!$I$303)/(Geometria!$I$41/100^3)),-('Perdas por Seção'!E97/(Geometria!$H$36/100^2))-('Perdas por Seção'!E98/(Geometria!$H$41/100^3))+((Geometria!$I$281)/(Geometria!$H$41/100^3))+((Geometria!$I$292)/(Geometria!$I$41/100^3))+((Geometria!$H$52*Geometria!$I$303)/(Geometria!$I$41/100^3)))) -> -6471.4549 | V33: =Geometria!$H$166*R33+Geometria!$H$168*R10 -> 1096.1054 | W33: =Geometria!$H$166*R33*Geometria!$H$167/100-Geometria!$H$168*R10*Geometria!$H$169/100 -> 103.59427 | Y33: =P33/1000 -> -6.4714549 | AB33: =-(Geometria!$J$242/(Geometria!$H$36/100^2))-(Geometria!$J$243/(Geometria!$H$41/100^3))+((Geometria!$I$281)/(Geometria!$H$41/100^3))+((Geometria!$I$292)/(Geometria!$I$41/100^3))+((Geometria!$H$52*Geometria!$I$303)/(Geometria!$I$41/100^3)) -> -7222.179
A34: σi,4 | B34: =IF(Geometria!$J$280<Geometria!$J$1031/100,"Reduzir","OK") -> OK | C34: =IF(B34="Reduzir",D34,F34) -> -11238.662 | D34: =-I34/(Geometria!$H$36/100^2)-J34/(Geometria!$H$41/100^3)+Geometria!$J$741/(Geometria!$H$41/100^3) -> -28735.409 | E34: =('Perdas por Seção'!F59*(Geometria!$J$280*100))/Geometria!$J$1031 -> 248.40615 | F34: =IF(H34="Sim",-('Isolamento de cabos'!$C$26)/(Geometria!$H$36/100^2)-('Isolamento de cabos'!$C$27)/(Geometria!$H$41/100^3)+Geometria!$J$741/(Geometria!$H$41/100^3),IF(M34="Sim",-'Perdas por Seção'!F99/(Geometria!$H$36/100^2)-'Perdas por Seção'!F100/(Geometria!$H$41/100^3)+Geometria!$J$741/(Geometria!$H$41/100^3),-'Perdas por Seção'!F99/(Geometria!$H$36/100^2)-'Perdas por Seção'!F100/(Geometria!$H$41/100^3)+Geometria!$J$741/(Geometria!$H$41/100^3))) -> -11238.662 | H34: =IF(Geometria!$J$280<'Isolamento de cabos'!$C$8,"Sim","Não") -> Não | I34: =Geometria!$H$166*E34+Geometria!$H$168*E11 -> 1961.415 | J34: =Geometria!$H$166*E34*Geometria!$H$167/100-Geometria!$H$168*E11*Geometria!$H$169/100 -> 185.37575 | L34: =C34/1000 -> -11.238662 | M34: =IF(Geometria!$J$280<'Isolamento de cabos'!$C$10,"Sim","Não") -> Não | N34: σi,4 | O34: =IF(Geometria!$J$280<Geometria!$J$1031/100,"Reduzir","OK") -> OK | P34: =IF(O34="Reduzir",Q34,S34) -> -4581.4045 | Q34: =-(V34/(Geometria!$H$36/100^2))-(W34/(Geometria!$H$41/100^3))+((Geometria!$J$281)/(Geometria!$H$41/100^3))+((Geometria!$J$292)/(Geometria!$I$41/100^3))+((Geometria!$H$52*Geometria!$J$303)/(Geometria!$I$41/100^3)) -> -19474.209 | R34: =('Perdas por Seção'!F91*(Geometria!$J$280*100))/Geometria!$J$1031 -> 211.43726 | S34: =IF(H34="Sim",-('Isolamento de cabos'!$C$58/(Geometria!$H$36/100^2))-('Isolamento de cabos'!$C$59/(Geometria!$H$41/100^3))+((Geometria!$J$281)/(Geometria!$H$41/100^3))+((Geometria!$J$292)/(Geometria!$I$41/100^3))+((Geometria!$H$52*Geometria!$J$303)/(Geometria!$I$41/100^3)),IF(M34="Sim",-('Perdas por Seção'!F97/(Geometria!$H$36/100^2))-('Perdas por Seção'!F98/(Geometria!$H$41/100^3))+((Geometria!$J$281)/(Geometria!$H$41/100^3))+((Geometria!$J$292)/(Geometria!$I$41/100^3))+((Geometria!$H$52*Geometria!$J$303)/(Geometria!$I$41/100^3)),-('Perdas por Seção'!F97/(Geometria!$H$36/100^2))-('Perdas por Seção'!F98/(Geometria!$H$41/100^3))+((Geometria!$J$281)/(Geometria!$H$41/100^3))+((Geometria!$J$292)/(Geometria!$I$41/100^3))+((Geometria!$H$52*Geometria!$J$303)/(Geometria!$I$41/100^3)))) -> -4581.4045 | V34: =Geometria!$H$166*R34+Geometria!$H$168*R11 -> 1669.5086 | W34: =Geometria!$H$166*R34*Geometria!$H$167/100-Geometria!$H$168*R11*Geometria!$H$169/100 -> 157.78733 | Y34: =P34/1000 -> -4.5814045 | AB34: =-(Geometria!$J$242/(Geometria!$H$36/100^2))-(Geometria!$J$243/(Geometria!$H$41/100^3))+((Geometria!$J$281)/(Geometria!$H$41/100^3))+((Geometria!$J$292)/(Geometria!$I$41/100^3))+((Geometria!$H$52*Geometria!$J$303)/(Geometria!$I$41/100^3)) -> -5155.8855
A35: σi,5 | B35: =IF(Geometria!$K$280<Geometria!$J$1031/100,"Reduzir","OK") -> OK | C35: =IF(B35="Reduzir",D35,F35) -> -10662.623 | D35: =-I35/(Geometria!$H$36/100^2)-J35/(Geometria!$H$41/100^3)+Geometria!$K$741/(Geometria!$H$41/100^3) -> -38608.763 | E35: =('Perdas por Seção'!G59*(Geometria!$K$280*100))/Geometria!$J$1031 -> 332.06069 | F35: =IF(H35="Sim",-('Isolamento de cabos'!$C$26)/(Geometria!$H$36/100^2)-('Isolamento de cabos'!$C$27)/(Geometria!$H$41/100^3)+Geometria!$K$741/(Geometria!$H$41/100^3),IF(M35="Sim",-'Perdas por Seção'!G99/(Geometria!$H$36/100^2)-'Perdas por Seção'!G100/(Geometria!$H$41/100^3)+Geometria!$K$741/(Geometria!$H$41/100^3),-'Perdas por Seção'!G99/(Geometria!$H$36/100^2)-'Perdas por Seção'!G100/(Geometria!$H$41/100^3)+Geometria!$K$741/(Geometria!$H$41/100^3))) -> -10662.623 | H35: =IF(Geometria!$K$280<'Isolamento de cabos'!$C$8,"Sim","Não") -> Não | I35: =Geometria!$H$166*E35+Geometria!$H$168*E12 -> 2621.9512 | J35: =Geometria!$H$166*E35*Geometria!$H$167/100-Geometria!$H$168*E12*Geometria!$H$169/100 -> 247.80385 | L35: =C35/1000 -> -10.662623 | M35: =IF(Geometria!$K$280<'Isolamento de cabos'!$C$10,"Sim","Não") -> Não | N35: σi,5 | O35: =IF(Geometria!$K$280<Geometria!$J$1031/100,"Reduzir","OK") -> OK | P35: =IF(O35="Reduzir",Q35,S35) -> -2943.216 | Q35: =-(V35/(Geometria!$H$36/100^2))-(W35/(Geometria!$H$41/100^3))+((Geometria!$K$281)/(Geometria!$H$41/100^3))+((Geometria!$K$292)/(Geometria!$I$41/100^3))+((Geometria!$H$52*Geometria!$K$303)/(Geometria!$I$41/100^3)) -> -26981.158 | R35: =('Perdas por Seção'!G91*(Geometria!$K$280*100))/Geometria!$J$1031 -> 285.62282 | S35: =IF(H35="Sim",-('Isolamento de cabos'!$C$58/(Geometria!$H$36/100^2))-('Isolamento de cabos'!$C$59/(Geometria!$H$41/100^3))+((Geometria!$K$281)/(Geometria!$H$41/100^3))+((Geometria!$K$292)/(Geometria!$I$41/100^3))+((Geometria!$H$52*Geometria!$K$303)/(Geometria!$I$41/100^3)),IF(M35="Sim",-('Perdas por Seção'!G97/(Geometria!$H$36/100^2))-('Perdas por Seção'!G98/(Geometria!$H$41/100^3))+((Geometria!$K$281)/(Geometria!$H$41/100^3))+((Geometria!$K$292)/(Geometria!$I$41/100^3))+((Geometria!$H$52*Geometria!$K$303)/(Geometria!$I$41/100^3)),-('Perdas por Seção'!G97/(Geometria!$H$36/100^2))-('Perdas por Seção'!G98/(Geometria!$H$41/100^3))+((Geometria!$K$281)/(Geometria!$H$41/100^3))+((Geometria!$K$292)/(Geometria!$I$41/100^3))+((Geometria!$H$52*Geometria!$K$303)/(Geometria!$I$41/100^3)))) -> -2943.216 | V35: =Geometria!$H$166*R35+Geometria!$H$168*R12 -> 2255.2778 | W35: =Geometria!$H$166*R35*Geometria!$H$167/100-Geometria!$H$168*R12*Geometria!$H$169/100 -> 213.14909 | Y35: =P35/1000 -> -2.943216 | AB35: =-(Geometria!$J$242/(Geometria!$H$36/100^2))-(Geometria!$J$243/(Geometria!$H$41/100^3))+((Geometria!$K$281)/(Geometria!$H$41/100^3))+((Geometria!$K$292)/(Geometria!$I$41/100^3))+((Geometria!$H$52*Geometria!$K$303)/(Geometria!$I$41/100^3)) -> -3365.0978
A36: σi,6 | B36: =IF(Geometria!$L$280<Geometria!$J$1031/100,"Reduzir","OK") -> OK | C36: =IF(B36="Reduzir",D36,F36) -> -10175.204 | D36: =-I36/(Geometria!$H$36/100^2)-J36/(Geometria!$H$41/100^3)+Geometria!$L$741/(Geometria!$H$41/100^3) -> -48609.014 | E36: =('Perdas por Seção'!H59*(Geometria!$L$280*100))/Geometria!$J$1031 -> 415.97753 | F36: =IF(H36="Sim",-('Isolamento de cabos'!$C$26)/(Geometria!$H$36/100^2)-('Isolamento de cabos'!$C$27)/(Geometria!$H$41/100^3)+Geometria!$L$741/(Geometria!$H$41/100^3),IF(M36="Sim",-'Perdas por Seção'!H99/(Geometria!$H$36/100^2)-'Perdas por Seção'!H100/(Geometria!$H$41/100^3)+Geometria!$L$741/(Geometria!$H$41/100^3),-'Perdas por Seção'!H99/(Geometria!$H$36/100^2)-'Perdas por Seção'!H100/(Geometria!$H$41/100^3)+Geometria!$L$741/(Geometria!$H$41/100^3))) -> -10175.204 | H36: =IF(Geometria!$L$280<'Isolamento de cabos'!$C$8,"Sim","Não") -> Não | I36: =Geometria!$H$166*E36+Geometria!$H$168*E13 -> 3284.5585 | J36: =Geometria!$H$166*E36*Geometria!$H$167/100-Geometria!$H$168*E13*Geometria!$H$169/100 -> 310.42769 | L36: =C36/1000 -> -10.175204 | M36: =IF(Geometria!$L$280<'Isolamento de cabos'!$C$10,"Sim","Não") -> Não | N36: σi,6 | O36: =IF(Geometria!$L$280<Geometria!$J$1031/100,"Reduzir","OK") -> OK | P36: =IF(O36="Reduzir",Q36,S36) -> -1556.9517 | Q36: =-(V36/(Geometria!$H$36/100^2))-(W36/(Geometria!$H$41/100^3))+((Geometria!$L$281)/(Geometria!$H$41/100^3))+((Geometria!$L$292)/(Geometria!$I$41/100^3))+((Geometria!$H$52*Geometria!$L$303)/(Geometria!$I$41/100^3)) -> -34906.148 | R36: =('Perdas por Seção'!H91*(Geometria!$L$280*100))/Geometria!$J$1031 -> 360.94564 | S36: =IF(H36="Sim",-('Isolamento de cabos'!$C$58/(Geometria!$H$36/100^2))-('Isolamento de cabos'!$C$59/(Geometria!$H$41/100^3))+((Geometria!$L$281)/(Geometria!$H$41/100^3))+((Geometria!$L$292)/(Geometria!$I$41/100^3))+((Geometria!$H$52*Geometria!$L$303)/(Geometria!$I$41/100^3)),IF(M36="Sim",-('Perdas por Seção'!H97/(Geometria!$H$36/100^2))-('Perdas por Seção'!H98/(Geometria!$H$41/100^3))+((Geometria!$L$281)/(Geometria!$H$41/100^3))+((Geometria!$L$292)/(Geometria!$I$41/100^3))+((Geometria!$H$52*Geometria!$L$303)/(Geometria!$I$41/100^3)),-('Perdas por Seção'!H97/(Geometria!$H$36/100^2))-('Perdas por Seção'!H98/(Geometria!$H$41/100^3))+((Geometria!$L$281)/(Geometria!$H$41/100^3))+((Geometria!$L$292)/(Geometria!$I$41/100^3))+((Geometria!$H$52*Geometria!$L$303)/(Geometria!$I$41/100^3)))) -> -1556.9517 | V36: =Geometria!$H$166*R36+Geometria!$H$168*R13 -> 2850.0268 | W36: =Geometria!$H$166*R36*Geometria!$H$167/100-Geometria!$H$168*R13*Geometria!$H$169/100 -> 269.35956 | Y36: =P36/1000 -> -1.5569517 | AB36: =-(Geometria!$J$242/(Geometria!$H$36/100^2))-(Geometria!$J$243/(Geometria!$H$41/100^3))+((Geometria!$L$281)/(Geometria!$H$41/100^3))+((Geometria!$L$292)/(Geometria!$I$41/100^3))+((Geometria!$H$52*Geometria!$L$303)/(Geometria!$I$41/100^3)) -> -1849.8159
A37: σi,7 | B37: =IF(Geometria!$M$280<Geometria!$J$1031/100,"Reduzir","OK") -> OK | C37: =IF(B37="Reduzir",D37,F37) -> -9776.4078 | D37: =-I37/(Geometria!$H$36/100^2)-J37/(Geometria!$H$41/100^3)+Geometria!$M$741/(Geometria!$H$41/100^3) -> -58723.832 | E37: =('Perdas por Seção'!I59*(Geometria!$M$280*100))/Geometria!$J$1031 -> 500.0583 | F37: =IF(H37="Sim",-('Isolamento de cabos'!$C$26)/(Geometria!$H$36/100^2)-('Isolamento de cabos'!$C$27)/(Geometria!$H$41/100^3)+Geometria!$M$741/(Geometria!$H$41/100^3),IF(M37="Sim",-'Perdas por Seção'!I99/(Geometria!$H$36/100^2)-'Perdas por Seção'!I100/(Geometria!$H$41/100^3)+Geometria!$M$741/(Geometria!$H$41/100^3),-'Perdas por Seção'!I99/(Geometria!$H$36/100^2)-'Perdas por Seção'!I100/(Geometria!$H$41/100^3)+Geometria!$M$741/(Geometria!$H$41/100^3))) -> -9776.4078 | H37: =IF(Geometria!$M$280<'Isolamento de cabos'!$C$8,"Sim","Não") -> Não | I37: =Geometria!$H$166*E37+Geometria!$H$168*E14 -> 3948.4604 | J37: =Geometria!$H$166*E37*Geometria!$H$167/100-Geometria!$H$168*E14*Geometria!$H$169/100 -> 373.17388 | L37: =C37/1000 -> -9.7764078 | M37: =IF(Geometria!$M$280<'Isolamento de cabos'!$C$10,"Sim","Não") -> Não | N37: σi,7 | O37: =IF(Geometria!$M$280<Geometria!$J$1031/100,"Reduzir","OK") -> OK | P37: =IF(O37="Reduzir",Q37,S37) -> -422.66389 | Q37: =-(V37/(Geometria!$H$36/100^2))-(W37/(Geometria!$H$41/100^3))+((Geometria!$M$281)/(Geometria!$H$41/100^3))+((Geometria!$M$292)/(Geometria!$I$41/100^3))+((Geometria!$H$52*Geometria!$M$303)/(Geometria!$I$41/100^3)) -> -43195.577 | R37: =('Perdas por Seção'!I91*(Geometria!$M$280*100))/Geometria!$J$1031 -> 436.97806 | S37: =IF(H37="Sim",-('Isolamento de cabos'!$C$58/(Geometria!$H$36/100^2))-('Isolamento de cabos'!$C$59/(Geometria!$H$41/100^3))+((Geometria!$M$281)/(Geometria!$H$41/100^3))+((Geometria!$M$292)/(Geometria!$I$41/100^3))+((Geometria!$H$52*Geometria!$M$303)/(Geometria!$I$41/100^3)),IF(M37="Sim",-('Perdas por Seção'!I97/(Geometria!$H$36/100^2))-('Perdas por Seção'!I98/(Geometria!$H$41/100^3))+((Geometria!$M$281)/(Geometria!$H$41/100^3))+((Geometria!$M$292)/(Geometria!$I$41/100^3))+((Geometria!$H$52*Geometria!$M$303)/(Geometria!$I$41/100^3)),-('Perdas por Seção'!I97/(Geometria!$H$36/100^2))-('Perdas por Seção'!I98/(Geometria!$H$41/100^3))+((Geometria!$M$281)/(Geometria!$H$41/100^3))+((Geometria!$M$292)/(Geometria!$I$41/100^3))+((Geometria!$H$52*Geometria!$M$303)/(Geometria!$I$41/100^3)))) -> -422.66389 | V37: =Geometria!$H$166*R37+Geometria!$H$168*R14 -> 3450.3787 | W37: =Geometria!$H$166*R37*Geometria!$H$167/100-Geometria!$H$168*R14*Geometria!$H$169/100 -> 326.09956 | Y37: =P37/1000 -> -0.42266389 | AB37: =-(Geometria!$J$242/(Geometria!$H$36/100^2))-(Geometria!$J$243/(Geometria!$H$41/100^3))+((Geometria!$M$281)/(Geometria!$H$41/100^3))+((Geometria!$M$292)/(Geometria!$I$41/100^3))+((Geometria!$H$52*Geometria!$M$303)/(Geometria!$I$41/100^3)) -> -610.03985
A38: σi,8 | B38: =IF(Geometria!$N$280<Geometria!$J$1031/100,"Reduzir","OK") -> OK | C38: =IF(B38="Reduzir",D38,F38) -> -9466.2326 | D38: =-I38/(Geometria!$H$36/100^2)-J38/(Geometria!$H$41/100^3)+Geometria!$N$741/(Geometria!$H$41/100^3) -> -68940.89 | E38: =('Perdas por Seção'!J59*(Geometria!$N$280*100))/Geometria!$J$1031 -> 584.20466 | F38: =IF(H38="Sim",-('Isolamento de cabos'!$C$26)/(Geometria!$H$36/100^2)-('Isolamento de cabos'!$C$27)/(Geometria!$H$41/100^3)+Geometria!$N$741/(Geometria!$H$41/100^3),IF(M38="Sim",-'Perdas por Seção'!J99/(Geometria!$H$36/100^2)-'Perdas por Seção'!J100/(Geometria!$H$41/100^3)+Geometria!$N$741/(Geometria!$H$41/100^3),-'Perdas por Seção'!J99/(Geometria!$H$36/100^2)-'Perdas por Seção'!J100/(Geometria!$H$41/100^3)+Geometria!$N$741/(Geometria!$H$41/100^3))) -> -9466.2326 | H38: =IF(Geometria!$N$280<'Isolamento de cabos'!$C$8,"Sim","Não") -> Não | I38: =Geometria!$H$166*E38+Geometria!$H$168*E15 -> 4612.88 | J38: =Geometria!$H$166*E38*Geometria!$H$167/100-Geometria!$H$168*E15*Geometria!$H$169/100 -> 435.969 | L38: =C38/1000 -> -9.4662326 | M38: =IF(Geometria!$N$280<'Isolamento de cabos'!$C$10,"Sim","Não") -> Não | N38: σi,8 | O38: =IF(Geometria!$N$280<Geometria!$J$1031/100,"Reduzir","OK") -> OK | P38: =IF(O38="Reduzir",Q38,S38) -> 459.60441 | Q38: =-(V38/(Geometria!$H$36/100^2))-(W38/(Geometria!$H$41/100^3))+((Geometria!$N$281)/(Geometria!$H$41/100^3))+((Geometria!$N$292)/(Geometria!$I$41/100^3))+((Geometria!$H$52*Geometria!$N$303)/(Geometria!$I$41/100^3)) -> -51795.956 | R38: =('Perdas por Seção'!J91*(Geometria!$N$280*100))/Geometria!$J$1031 -> 513.29327 | S38: =IF(H38="Sim",-('Isolamento de cabos'!$C$58/(Geometria!$H$36/100^2))-('Isolamento de cabos'!$C$59/(Geometria!$H$41/100^3))+((Geometria!$N$281)/(Geometria!$H$41/100^3))+((Geometria!$N$292)/(Geometria!$I$41/100^3))+((Geometria!$H$52*Geometria!$N$303)/(Geometria!$I$41/100^3)),IF(M38="Sim",-('Perdas por Seção'!J97/(Geometria!$H$36/100^2))-('Perdas por Seção'!J98/(Geometria!$H$41/100^3))+((Geometria!$N$281)/(Geometria!$H$41/100^3))+((Geometria!$N$292)/(Geometria!$I$41/100^3))+((Geometria!$H$52*Geometria!$N$303)/(Geometria!$I$41/100^3)),-('Perdas por Seção'!J97/(Geometria!$H$36/100^2))-('Perdas por Seção'!J98/(Geometria!$H$41/100^3))+((Geometria!$N$281)/(Geometria!$H$41/100^3))+((Geometria!$N$292)/(Geometria!$I$41/100^3))+((Geometria!$H$52*Geometria!$N$303)/(Geometria!$I$41/100^3)))) -> 459.60441 | V38: =Geometria!$H$166*R38+Geometria!$H$168*R15 -> 4052.9637 | W38: =Geometria!$H$166*R38*Geometria!$H$167/100-Geometria!$H$168*R15*Geometria!$H$169/100 -> 383.05061 | Y38: =P38/1000 -> 0.45960441 | AB38: =-(Geometria!$J$242/(Geometria!$H$36/100^2))-(Geometria!$J$243/(Geometria!$H$41/100^3))+((Geometria!$N$281)/(Geometria!$H$41/100^3))+((Geometria!$N$292)/(Geometria!$I$41/100^3))+((Geometria!$H$52*Geometria!$N$303)/(Geometria!$I$41/100^3)) -> 354.23044
A39: σi,9 | B39: =IF(Geometria!$G$283<Geometria!$J$1031/100,"Reduzir","OK") -> OK | C39: =IF(B39="Reduzir",D39,F39) -> -9244.6789 | D39: =-I39/(Geometria!$H$36/100^2)-J39/(Geometria!$H$41/100^3)+Geometria!$G$744/(Geometria!$H$41/100^3) -> -79247.86 | E39: =('Perdas por Seção'!K59*(Geometria!$G$283*100))/Geometria!$J$1031 -> 668.31823 | F39: =IF(H39="Sim",-('Isolamento de cabos'!$C$26)/(Geometria!$H$36/100^2)-('Isolamento de cabos'!$C$27)/(Geometria!$H$41/100^3)+Geometria!$G$744/(Geometria!$H$41/100^3),IF(M39="Sim",-'Perdas por Seção'!K99/(Geometria!$H$36/100^2)-'Perdas por Seção'!K100/(Geometria!$H$41/100^3)+Geometria!$G$744/(Geometria!$H$41/100^3),-'Perdas por Seção'!K99/(Geometria!$H$36/100^2)-'Perdas por Seção'!K100/(Geometria!$H$41/100^3)+Geometria!$G$744/(Geometria!$H$41/100^3))) -> -9244.6789 | H39: =IF(Geometria!$G$283<'Isolamento de cabos'!$C$8,"Sim","Não") -> Não | I39: =Geometria!$H$166*E39+Geometria!$H$168*E16 -> 5277.0407 | J39: =Geometria!$H$166*E39*Geometria!$H$167/100-Geometria!$H$168*E16*Geometria!$H$169/100 -> 498.73965 | L39: =C39/1000 -> -9.2446789 | M39: =IF(Geometria!$G$283<'Isolamento de cabos'!$C$10,"Sim","Não") -> Não | N39: σi,9 | O39: =IF(Geometria!$G$283<Geometria!$J$1031/100,"Reduzir","OK") -> OK | P39: =IF(O39="Reduzir",Q39,S39) -> 1089.8199 | Q39: =-(V39/(Geometria!$H$36/100^2))-(W39/(Geometria!$H$41/100^3))+((Geometria!$G$284)/(Geometria!$H$41/100^3))+((Geometria!$G$295)/(Geometria!$I$41/100^3))+((Geometria!$H$52*Geometria!$G$306)/(Geometria!$I$41/100^3)) -> -60653.865 | R39: =('Perdas por Seção'!K91*(Geometria!$G$283*100))/Geometria!$J$1031 -> 589.46507 | S39: =IF(H39="Sim",-('Isolamento de cabos'!$C$58/(Geometria!$H$36/100^2))-('Isolamento de cabos'!$C$59/(Geometria!$H$41/100^3))+((Geometria!$G$284)/(Geometria!$H$41/100^3))+((Geometria!$G$295)/(Geometria!$I$41/100^3))+((Geometria!$H$52*Geometria!$G$306)/(Geometria!$I$41/100^3)),IF(M39="Sim",-('Perdas por Seção'!K97/(Geometria!$H$36/100^2))-('Perdas por Seção'!K98/(Geometria!$H$41/100^3))+((Geometria!$G$284)/(Geometria!$H$41/100^3))+((Geometria!$G$295)/(Geometria!$I$41/100^3))+((Geometria!$H$52*Geometria!$G$306)/(Geometria!$I$41/100^3)),-('Perdas por Seção'!K97/(Geometria!$H$36/100^2))-('Perdas por Seção'!K98/(Geometria!$H$41/100^3))+((Geometria!$G$284)/(Geometria!$H$41/100^3))+((Geometria!$G$295)/(Geometria!$I$41/100^3))+((Geometria!$H$52*Geometria!$G$306)/(Geometria!$I$41/100^3)))) -> 1089.8199 | V39: =Geometria!$H$166*R39+Geometria!$H$168*R16 -> 4654.4162 | W39: =Geometria!$H$166*R39*Geometria!$H$167/100-Geometria!$H$168*R16*Geometria!$H$169/100 -> 439.89463 | Y39: =P39/1000 -> 1.0898199 | AB39: =-(Geometria!$J$242/(Geometria!$H$36/100^2))-(Geometria!$J$243/(Geometria!$H$41/100^3))+((Geometria!$G$284)/(Geometria!$H$41/100^3))+((Geometria!$G$295)/(Geometria!$I$41/100^3))+((Geometria!$H$52*Geometria!$G$306)/(Geometria!$I$41/100^3)) -> 1042.9949
A40: σi,10 | B40: =IF(Geometria!$H$283<Geometria!$J$1031/100,"Reduzir","OK") -> OK | C40: =IF(B40="Reduzir",D40,F40) -> -9111.7467 | D40: =-I40/(Geometria!$H$36/100^2)-J40/(Geometria!$H$41/100^3)+Geometria!$H$744/(Geometria!$H$41/100^3) -> -89632.414 | E40: =('Perdas por Seção'!L59*(Geometria!$H$283*100))/Geometria!$J$1031 -> 752.30064 | F40: =IF(H40="Sim",-('Isolamento de cabos'!$C$26)/(Geometria!$H$36/100^2)-('Isolamento de cabos'!$C$27)/(Geometria!$H$41/100^3)+Geometria!$H$744/(Geometria!$H$41/100^3),IF(M40="Sim",-'Perdas por Seção'!L99/(Geometria!$H$36/100^2)-'Perdas por Seção'!L100/(Geometria!$H$41/100^3)+Geometria!$H$744/(Geometria!$H$41/100^3),-'Perdas por Seção'!L99/(Geometria!$H$36/100^2)-'Perdas por Seção'!L100/(Geometria!$H$41/100^3)+Geometria!$H$744/(Geometria!$H$41/100^3))) -> -9111.7467 | H40: =IF(Geometria!$H$283<'Isolamento de cabos'!$C$8,"Sim","Não") -> Não | I40: =Geometria!$H$166*E40+Geometria!$H$168*E17 -> 5940.1659 | J40: =Geometria!$H$166*E40*Geometria!$H$167/100-Geometria!$H$168*E17*Geometria!$H$169/100 -> 561.41243 | L40: =C40/1000 -> -9.1117467 | M40: =IF(Geometria!$H$283<'Isolamento de cabos'!$C$10,"Sim","Não") -> Não | N40: σi,10 | O40: =IF(Geometria!$H$283<Geometria!$J$1031/100,"Reduzir","OK") -> OK | P40: =IF(O40="Reduzir",Q40,S40) -> 1467.9587 | Q40: =-(V40/(Geometria!$H$36/100^2))-(W40/(Geometria!$H$41/100^3))+((Geometria!$H$284)/(Geometria!$H$41/100^3))+((Geometria!$H$295)/(Geometria!$I$41/100^3))+((Geometria!$H$52*Geometria!$H$306)/(Geometria!$I$41/100^3)) -> -69715.922 | R40: =('Perdas por Seção'!L91*(Geometria!$H$283*100))/Geometria!$J$1031 -> 665.0675 | S40: =IF(H40="Sim",-('Isolamento de cabos'!$C$58/(Geometria!$H$36/100^2))-('Isolamento de cabos'!$C$59/(Geometria!$H$41/100^3))+((Geometria!$H$284)/(Geometria!$H$41/100^3))+((Geometria!$H$295)/(Geometria!$I$41/100^3))+((Geometria!$H$52*Geometria!$H$306)/(Geometria!$I$41/100^3)),IF(M40="Sim",-('Perdas por Seção'!L97/(Geometria!$H$36/100^2))-('Perdas por Seção'!L98/(Geometria!$H$41/100^3))+((Geometria!$H$284)/(Geometria!$H$41/100^3))+((Geometria!$H$295)/(Geometria!$I$41/100^3))+((Geometria!$H$52*Geometria!$H$306)/(Geometria!$I$41/100^3)),-('Perdas por Seção'!L97/(Geometria!$H$36/100^2))-('Perdas por Seção'!L98/(Geometria!$H$41/100^3))+((Geometria!$H$284)/(Geometria!$H$41/100^3))+((Geometria!$H$295)/(Geometria!$I$41/100^3))+((Geometria!$H$52*Geometria!$H$306)/(Geometria!$I$41/100^3)))) -> 1467.9587 | V40: =Geometria!$H$166*R40+Geometria!$H$168*R17 -> 5251.373 | W40: =Geometria!$H$166*R40*Geometria!$H$167/100-Geometria!$H$168*R17*Geometria!$H$169/100 -> 496.31376 | Y40: =P40/1000 -> 1.4679587 | AB40: =-(Geometria!$J$242/(Geometria!$H$36/100^2))-(Geometria!$J$243/(Geometria!$H$41/100^3))+((Geometria!$H$284)/(Geometria!$H$41/100^3))+((Geometria!$H$295)/(Geometria!$I$41/100^3))+((Geometria!$H$52*Geometria!$H$306)/(Geometria!$I$41/100^3)) -> 1456.2536
A41: σi,11 | B41: =IF(Geometria!$I$283<Geometria!$J$1031/100,"Reduzir","OK") -> OK | C41: =IF(B41="Reduzir",D41,F41) -> -9067.4359 | D41: =-I41/(Geometria!$H$36/100^2)-J41/(Geometria!$H$41/100^3)+Geometria!$I$744/(Geometria!$H$41/100^3) -> -100082.22 | E41: =('Perdas por Seção'!M59*(Geometria!$I$283*100))/Geometria!$J$1031 -> 836.05354 | F41: =IF(H41="Sim",-('Isolamento de cabos'!$C$26)/(Geometria!$H$36/100^2)-('Isolamento de cabos'!$C$27)/(Geometria!$H$41/100^3)+Geometria!$I$744/(Geometria!$H$41/100^3),IF(M41="Sim",-'Perdas por Seção'!M99/(Geometria!$H$36/100^2)-'Perdas por Seção'!M100/(Geometria!$H$41/100^3)+Geometria!$I$744/(Geometria!$H$41/100^3),-'Perdas por Seção'!M99/(Geometria!$H$36/100^2)-'Perdas por Seção'!M100/(Geometria!$H$41/100^3)+Geometria!$I$744/(Geometria!$H$41/100^3))) -> -9067.4359 | H41: =IF(Geometria!$I$283<'Isolamento de cabos'!$C$8,"Sim","Não") -> Não | I41: =Geometria!$H$166*E41+Geometria!$H$168*E18 -> 6601.4788 | J41: =Geometria!$H$166*E41*Geometria!$H$167/100-Geometria!$H$168*E18*Geometria!$H$169/100 -> 623.91393 | L41: =C41/1000 -> -9.0674359 | M41: =IF(Geometria!$I$283<'Isolamento de cabos'!$C$10,"Sim","Não") -> Não | N41: σi,11 | O41: =IF(Geometria!$I$283<Geometria!$J$1031/100,"Reduzir","OK") -> OK | P41: =IF(O41="Reduzir",Q41,S41) -> 1594.0065 | Q41: =-(V41/(Geometria!$H$36/100^2))-(W41/(Geometria!$H$41/100^3))+((Geometria!$I$284)/(Geometria!$H$41/100^3))+((Geometria!$I$295)/(Geometria!$I$41/100^3))+((Geometria!$H$52*Geometria!$I$306)/(Geometria!$I$41/100^3)) -> -78928.744 | R41: =('Perdas por Seção'!M91*(Geometria!$I$283*100))/Geometria!$J$1031 -> 739.67465 | S41: =IF(H41="Sim",-('Isolamento de cabos'!$C$58/(Geometria!$H$36/100^2))-('Isolamento de cabos'!$C$59/(Geometria!$H$41/100^3))+((Geometria!$I$284)/(Geometria!$H$41/100^3))+((Geometria!$I$295)/(Geometria!$I$41/100^3))+((Geometria!$H$52*Geometria!$I$306)/(Geometria!$I$41/100^3)),IF(M41="Sim",-('Perdas por Seção'!M97/(Geometria!$H$36/100^2))-('Perdas por Seção'!M98/(Geometria!$H$41/100^3))+((Geometria!$I$284)/(Geometria!$H$41/100^3))+((Geometria!$I$295)/(Geometria!$I$41/100^3))+((Geometria!$H$52*Geometria!$I$306)/(Geometria!$I$41/100^3)),-('Perdas por Seção'!M97/(Geometria!$H$36/100^2))-('Perdas por Seção'!M98/(Geometria!$H$41/100^3))+((Geometria!$I$284)/(Geometria!$H$41/100^3))+((Geometria!$I$295)/(Geometria!$I$41/100^3))+((Geometria!$H$52*Geometria!$I$306)/(Geometria!$I$41/100^3)))) -> 1594.0065 | V41: =Geometria!$H$166*R41+Geometria!$H$168*R18 -> 5840.471 | W41: =Geometria!$H$166*R41*Geometria!$H$167/100-Geometria!$H$168*R18*Geometria!$H$169/100 -> 551.99014 | Y41: =P41/1000 -> 1.5940065 | AB41: =-(Geometria!$J$242/(Geometria!$H$36/100^2))-(Geometria!$J$243/(Geometria!$H$41/100^3))+((Geometria!$I$284)/(Geometria!$H$41/100^3))+((Geometria!$I$295)/(Geometria!$I$41/100^3))+((Geometria!$H$52*Geometria!$I$306)/(Geometria!$I$41/100^3)) -> 1594.0065
A42: σi,12 | B42: =B40 -> OK | C42: =IF(B42="Reduzir",D42,F42) -> -9111.7467 | D42: =-I42/(Geometria!$H$36/100^2)-J42/(Geometria!$H$41/100^3)+Geometria!$J$744/(Geometria!$H$41/100^3) -> -89632.414 | E42: =('Perdas por Seção'!N59*(Geometria!$H$283*100))/Geometria!$J$1031 -> 752.30064 | F42: =IF(H42="Sim",-('Isolamento de cabos'!$C$26)/(Geometria!$H$36/100^2)-('Isolamento de cabos'!$C$27)/(Geometria!$H$41/100^3)+Geometria!$J$744/(Geometria!$H$41/100^3),IF(M42="Sim",-'Perdas por Seção'!N99/(Geometria!$H$36/100^2)-'Perdas por Seção'!N100/(Geometria!$H$41/100^3)+Geometria!$J$744/(Geometria!$H$41/100^3),-'Perdas por Seção'!N99/(Geometria!$H$36/100^2)-'Perdas por Seção'!N100/(Geometria!$H$41/100^3)+Geometria!$J$744/(Geometria!$H$41/100^3))) -> -9111.7467 | H42: =IF(Geometria!$H$283<'Isolamento de cabos'!$C$8,"Sim","Não") -> Não | I42: =Geometria!$H$166*E42+Geometria!$H$168*E19 -> 5940.1659 | J42: =Geometria!$H$166*E42*Geometria!$H$167/100-Geometria!$H$168*E19*Geometria!$H$169/100 -> 561.41243 | L42: =C42/1000 -> -9.1117467 | M42: =IF(Geometria!$H$283<'Isolamento de cabos'!$C$10,"Sim","Não") -> Não | N42: σi,12 | O42: =O40 -> OK | P42: =IF(O42="Reduzir",Q42,S42) -> 1467.9587 | Q42: =-(V42/(Geometria!$H$36/100^2))-(W42/(Geometria!$H$41/100^3))+((Geometria!$J$284)/(Geometria!$H$41/100^3))+((Geometria!$J$295)/(Geometria!$I$41/100^3))+((Geometria!$H$52*Geometria!$J$306)/(Geometria!$I$41/100^3)) -> -69715.922 | R42: =('Perdas por Seção'!N91*(Geometria!$H$283*100))/Geometria!$J$1031 -> 665.0675 | S42: =IF(H42="Sim",-('Isolamento de cabos'!$C$58/(Geometria!$H$36/100^2))-('Isolamento de cabos'!$C$59/(Geometria!$H$41/100^3))+((Geometria!$J$284)/(Geometria!$H$41/100^3))+((Geometria!$J$295)/(Geometria!$I$41/100^3))+((Geometria!$H$52*Geometria!$J$306)/(Geometria!$I$41/100^3)),IF(M42="Sim",-('Perdas por Seção'!N97/(Geometria!$H$36/100^2))-('Perdas por Seção'!N98/(Geometria!$H$41/100^3))+((Geometria!$J$284)/(Geometria!$H$41/100^3))+((Geometria!$J$295)/(Geometria!$I$41/100^3))+((Geometria!$H$52*Geometria!$J$306)/(Geometria!$I$41/100^3)),-('Perdas por Seção'!N97/(Geometria!$H$36/100^2))-('Perdas por Seção'!N98/(Geometria!$H$41/100^3))+((Geometria!$J$284)/(Geometria!$H$41/100^3))+((Geometria!$J$295)/(Geometria!$I$41/100^3))+((Geometria!$H$52*Geometria!$J$306)/(Geometria!$I$41/100^3)))) -> 1467.9587 | V42: =Geometria!$H$166*R42+Geometria!$H$168*R19 -> 5251.373 | W42: =Geometria!$H$166*R42*Geometria!$H$167/100-Geometria!$H$168*R19*Geometria!$H$169/100 -> 496.31376 | Y42: =P42/1000 -> 1.4679587 | AB42: =-(Geometria!$J$242/(Geometria!$H$36/100^2))-(Geometria!$J$243/(Geometria!$H$41/100^3))+((Geometria!$J$284)/(Geometria!$H$41/100^3))+((Geometria!$J$295)/(Geometria!$I$41/100^3))+((Geometria!$H$52*Geometria!$J$306)/(Geometria!$I$41/100^3)) -> 1456.2536
A43: σi,13 | B43: =B39 -> OK | C43: =IF(B43="Reduzir",D43,F43) -> -9244.6789 | D43: =-I43/(Geometria!$H$36/100^2)-J43/(Geometria!$H$41/100^3)+Geometria!$K$744/(Geometria!$H$41/100^3) -> -79247.86 | E43: =('Perdas por Seção'!O59*(Geometria!$G$283*100))/Geometria!$J$1031 -> 668.31823 | F43: =IF(H43="Sim",-('Isolamento de cabos'!$C$26)/(Geometria!$H$36/100^2)-('Isolamento de cabos'!$C$27)/(Geometria!$H$41/100^3)+Geometria!$K$744/(Geometria!$H$41/100^3),IF(M43="Sim",-'Perdas por Seção'!O99/(Geometria!$H$36/100^2)-'Perdas por Seção'!O100/(Geometria!$H$41/100^3)+Geometria!$K$744/(Geometria!$H$41/100^3),-'Perdas por Seção'!O99/(Geometria!$H$36/100^2)-'Perdas por Seção'!O100/(Geometria!$H$41/100^3)+Geometria!$K$744/(Geometria!$H$41/100^3))) -> -9244.6789 | H43: =IF(Geometria!$G$283<'Isolamento de cabos'!$C$8,"Sim","Não") -> Não | I43: =Geometria!$H$166*E43+Geometria!$H$168*E20 -> 5277.0407 | J43: =Geometria!$H$166*E43*Geometria!$H$167/100-Geometria!$H$168*E20*Geometria!$H$169/100 -> 498.73965 | L43: =C43/1000 -> -9.2446789 | M43: =IF(Geometria!$G$283<'Isolamento de cabos'!$C$10,"Sim","Não") -> Não | N43: σi,13 | O43: =O39 -> OK | P43: =IF(O43="Reduzir",Q43,S43) -> 1089.8199 | Q43: =-(V43/(Geometria!$H$36/100^2))-(W43/(Geometria!$H$41/100^3))+((Geometria!$K$284)/(Geometria!$H$41/100^3))+((Geometria!$K$295)/(Geometria!$I$41/100^3))+((Geometria!$H$52*Geometria!$K$306)/(Geometria!$I$41/100^3)) -> -60653.865 | R43: =('Perdas por Seção'!O91*(Geometria!$G$283*100))/Geometria!$J$1031 -> 589.46507 | S43: =IF(H43="Sim",-('Isolamento de cabos'!$C$58/(Geometria!$H$36/100^2))-('Isolamento de cabos'!$C$59/(Geometria!$H$41/100^3))+((Geometria!$K$284)/(Geometria!$H$41/100^3))+((Geometria!$K$295)/(Geometria!$I$41/100^3))+((Geometria!$H$52*Geometria!$K$306)/(Geometria!$I$41/100^3)),IF(M43="Sim",-('Perdas por Seção'!O97/(Geometria!$H$36/100^2))-('Perdas por Seção'!O98/(Geometria!$H$41/100^3))+((Geometria!$K$284)/(Geometria!$H$41/100^3))+((Geometria!$K$295)/(Geometria!$I$41/100^3))+((Geometria!$H$52*Geometria!$K$306)/(Geometria!$I$41/100^3)),-('Perdas por Seção'!O97/(Geometria!$H$36/100^2))-('Perdas por Seção'!O98/(Geometria!$H$41/100^3))+((Geometria!$K$284)/(Geometria!$H$41/100^3))+((Geometria!$K$295)/(Geometria!$I$41/100^3))+((Geometria!$H$52*Geometria!$K$306)/(Geometria!$I$41/100^3)))) -> 1089.8199 | V43: =Geometria!$H$166*R43+Geometria!$H$168*R20 -> 4654.4162 | W43: =Geometria!$H$166*R43*Geometria!$H$167/100-Geometria!$H$168*R20*Geometria!$H$169/100 -> 439.89463 | Y43: =P43/1000 -> 1.0898199 | AB43: =-(Geometria!$J$242/(Geometria!$H$36/100^2))-(Geometria!$J$243/(Geometria!$H$41/100^3))+((Geometria!$K$284)/(Geometria!$H$41/100^3))+((Geometria!$K$295)/(Geometria!$I$41/100^3))+((Geometria!$H$52*Geometria!$K$306)/(Geometria!$I$41/100^3)) -> 1042.9949
A44: σi,14 | B44: =B38 -> OK | C44: =IF(B44="Reduzir",D44,F44) -> -9466.2326 | D44: =-I44/(Geometria!$H$36/100^2)-J44/(Geometria!$H$41/100^3)+Geometria!$L$744/(Geometria!$H$41/100^3) -> -68940.89 | E44: =('Perdas por Seção'!P59*(Geometria!$N$280*100))/Geometria!$J$1031 -> 584.20466 | F44: =IF(H44="Sim",-('Isolamento de cabos'!$C$26)/(Geometria!$H$36/100^2)-('Isolamento de cabos'!$C$27)/(Geometria!$H$41/100^3)+Geometria!$L$744/(Geometria!$H$41/100^3),IF(M44="Sim",-'Perdas por Seção'!P99/(Geometria!$H$36/100^2)-'Perdas por Seção'!P100/(Geometria!$H$41/100^3)+Geometria!$L$744/(Geometria!$H$41/100^3),-'Perdas por Seção'!P99/(Geometria!$H$36/100^2)-'Perdas por Seção'!P100/(Geometria!$H$41/100^3)+Geometria!$L$744/(Geometria!$H$41/100^3))) -> -9466.2326 | H44: =IF(Geometria!$N$280<'Isolamento de cabos'!$C$8,"Sim","Não") -> Não | I44: =Geometria!$H$166*E44+Geometria!$H$168*E21 -> 4612.88 | J44: =Geometria!$H$166*E44*Geometria!$H$167/100-Geometria!$H$168*E21*Geometria!$H$169/100 -> 435.969 | L44: =C44/1000 -> -9.4662326 | M44: =IF(Geometria!$N$280<'Isolamento de cabos'!$C$10,"Sim","Não") -> Não | N44: σi,14 | O44: =O38 -> OK | P44: =IF(O44="Reduzir",Q44,S44) -> 459.60441 | Q44: =-(V44/(Geometria!$H$36/100^2))-(W44/(Geometria!$H$41/100^3))+((Geometria!$L$284)/(Geometria!$H$41/100^3))+((Geometria!$L$295)/(Geometria!$I$41/100^3))+((Geometria!$H$52*Geometria!$L$306)/(Geometria!$I$41/100^3)) -> -51795.956 | R44: =('Perdas por Seção'!P91*(Geometria!$N$280*100))/Geometria!$J$1031 -> 513.29327 | S44: =IF(H44="Sim",-('Isolamento de cabos'!$C$58/(Geometria!$H$36/100^2))-('Isolamento de cabos'!$C$59/(Geometria!$H$41/100^3))+((Geometria!$L$284)/(Geometria!$H$41/100^3))+((Geometria!$L$295)/(Geometria!$I$41/100^3))+((Geometria!$H$52*Geometria!$L$306)/(Geometria!$I$41/100^3)),IF(M44="Sim",-('Perdas por Seção'!P97/(Geometria!$H$36/100^2))-('Perdas por Seção'!P98/(Geometria!$H$41/100^3))+((Geometria!$L$284)/(Geometria!$H$41/100^3))+((Geometria!$L$295)/(Geometria!$I$41/100^3))+((Geometria!$H$52*Geometria!$L$306)/(Geometria!$I$41/100^3)),-('Perdas por Seção'!P97/(Geometria!$H$36/100^2))-('Perdas por Seção'!P98/(Geometria!$H$41/100^3))+((Geometria!$L$284)/(Geometria!$H$41/100^3))+((Geometria!$L$295)/(Geometria!$I$41/100^3))+((Geometria!$H$52*Geometria!$L$306)/(Geometria!$I$41/100^3)))) -> 459.60441 | V44: =Geometria!$H$166*R44+Geometria!$H$168*R21 -> 4052.9637 | W44: =Geometria!$H$166*R44*Geometria!$H$167/100-Geometria!$H$168*R21*Geometria!$H$169/100 -> 383.05061 | Y44: =P44/1000 -> 0.45960441 | AB44: =-(Geometria!$J$242/(Geometria!$H$36/100^2))-(Geometria!$J$243/(Geometria!$H$41/100^3))+((Geometria!$L$284)/(Geometria!$H$41/100^3))+((Geometria!$L$295)/(Geometria!$I$41/100^3))+((Geometria!$H$52*Geometria!$L$306)/(Geometria!$I$41/100^3)) -> 354.23044
A45: σi,15 | B45: =B37 -> OK | C45: =IF(B45="Reduzir",D45,F45) -> -9776.4078 | D45: =-I45/(Geometria!$H$36/100^2)-J45/(Geometria!$H$41/100^3)+Geometria!$M$744/(Geometria!$H$41/100^3) -> -58723.832 | E45: =('Perdas por Seção'!Q59*(Geometria!$M$280*100))/Geometria!$J$1031 -> 500.0583 | F45: =IF(H45="Sim",-('Isolamento de cabos'!$C$26)/(Geometria!$H$36/100^2)-('Isolamento de cabos'!$C$27)/(Geometria!$H$41/100^3)+Geometria!$M$744/(Geometria!$H$41/100^3),IF(M45="Sim",-'Perdas por Seção'!Q99/(Geometria!$H$36/100^2)-'Perdas por Seção'!Q100/(Geometria!$H$41/100^3)+Geometria!$M$744/(Geometria!$H$41/100^3),-'Perdas por Seção'!Q99/(Geometria!$H$36/100^2)-'Perdas por Seção'!Q100/(Geometria!$H$41/100^3)+Geometria!$M$744/(Geometria!$H$41/100^3))) -> -9776.4078 | H45: =IF(Geometria!$M$280<'Isolamento de cabos'!$C$8,"Sim","Não") -> Não | I45: =Geometria!$H$166*E45+Geometria!$H$168*E22 -> 3948.4604 | J45: =Geometria!$H$166*E45*Geometria!$H$167/100-Geometria!$H$168*E22*Geometria!$H$169/100 -> 373.17388 | L45: =C45/1000 -> -9.7764078 | M45: =IF(Geometria!$M$280<'Isolamento de cabos'!$C$10,"Sim","Não") -> Não | N45: σi,15 | O45: =O37 -> OK | P45: =IF(O45="Reduzir",Q45,S45) -> -422.66389 | Q45: =-(V45/(Geometria!$H$36/100^2))-(W45/(Geometria!$H$41/100^3))+((Geometria!$M$284)/(Geometria!$H$41/100^3))+((Geometria!$M$295)/(Geometria!$I$41/100^3))+((Geometria!$H$52*Geometria!$M$306)/(Geometria!$I$41/100^3)) -> -43195.577 | R45: =('Perdas por Seção'!Q91*(Geometria!$M$280*100))/Geometria!$J$1031 -> 436.97806 | S45: =IF(H45="Sim",-('Isolamento de cabos'!$C$58/(Geometria!$H$36/100^2))-('Isolamento de cabos'!$C$59/(Geometria!$H$41/100^3))+((Geometria!$M$284)/(Geometria!$H$41/100^3))+((Geometria!$M$295)/(Geometria!$I$41/100^3))+((Geometria!$H$52*Geometria!$M$306)/(Geometria!$I$41/100^3)),IF(M45="Sim",-('Perdas por Seção'!Q97/(Geometria!$H$36/100^2))-('Perdas por Seção'!Q98/(Geometria!$H$41/100^3))+((Geometria!$M$284)/(Geometria!$H$41/100^3))+((Geometria!$M$295)/(Geometria!$I$41/100^3))+((Geometria!$H$52*Geometria!$M$306)/(Geometria!$I$41/100^3)),-('Perdas por Seção'!Q97/(Geometria!$H$36/100^2))-('Perdas por Seção'!Q98/(Geometria!$H$41/100^3))+((Geometria!$M$284)/(Geometria!$H$41/100^3))+((Geometria!$M$295)/(Geometria!$I$41/100^3))+((Geometria!$H$52*Geometria!$M$306)/(Geometria!$I$41/100^3)))) -> -422.66389 | V45: =Geometria!$H$166*R45+Geometria!$H$168*R22 -> 3450.3787 | W45: =Geometria!$H$166*R45*Geometria!$H$167/100-Geometria!$H$168*R22*Geometria!$H$169/100 -> 326.09956 | Y45: =P45/1000 -> -0.42266389 | AB45: =-(Geometria!$J$242/(Geometria!$H$36/100^2))-(Geometria!$J$243/(Geometria!$H$41/100^3))+((Geometria!$M$284)/(Geometria!$H$41/100^3))+((Geometria!$M$295)/(Geometria!$I$41/100^3))+((Geometria!$H$52*Geometria!$M$306)/(Geometria!$I$41/100^3)) -> -610.03985
A46: σi,16 | B46: =B36 -> OK | C46: =IF(B46="Reduzir",D46,F46) -> -10175.204 | D46: =-I46/(Geometria!$H$36/100^2)-J46/(Geometria!$H$41/100^3)+Geometria!$N$744/(Geometria!$H$41/100^3) -> -48609.014 | E46: =('Perdas por Seção'!R59*(Geometria!$L$280*100))/Geometria!$J$1031 -> 415.97753 | F46: =IF(H46="Sim",-('Isolamento de cabos'!$C$26)/(Geometria!$H$36/100^2)-('Isolamento de cabos'!$C$27)/(Geometria!$H$41/100^3)+Geometria!$N$744/(Geometria!$H$41/100^3),IF(M46="Sim",-'Perdas por Seção'!R99/(Geometria!$H$36/100^2)-'Perdas por Seção'!R100/(Geometria!$H$41/100^3)+Geometria!$N$744/(Geometria!$H$41/100^3),-'Perdas por Seção'!R99/(Geometria!$H$36/100^2)-'Perdas por Seção'!R100/(Geometria!$H$41/100^3)+Geometria!$N$744/(Geometria!$H$41/100^3))) -> -10175.204 | H46: =IF(Geometria!$L$280<'Isolamento de cabos'!$C$8,"Sim","Não") -> Não | I46: =Geometria!$H$166*E46+Geometria!$H$168*E23 -> 3284.5585 | J46: =Geometria!$H$166*E46*Geometria!$H$167/100-Geometria!$H$168*E23*Geometria!$H$169/100 -> 310.42769 | L46: =C46/1000 -> -10.175204 | M46: =IF(Geometria!$L$280<'Isolamento de cabos'!$C$10,"Sim","Não") -> Não | N46: σi,16 | O46: =O36 -> OK | P46: =IF(O46="Reduzir",Q46,S46) -> -1556.9517 | Q46: =-(V46/(Geometria!$H$36/100^2))-(W46/(Geometria!$H$41/100^3))+((Geometria!$N$284)/(Geometria!$H$41/100^3))+((Geometria!$N$295)/(Geometria!$I$41/100^3))+((Geometria!$H$52*Geometria!$N$306)/(Geometria!$I$41/100^3)) -> -34906.148 | R46: =('Perdas por Seção'!R91*(Geometria!$L$280*100))/Geometria!$J$1031 -> 360.94564 | S46: =IF(H46="Sim",-('Isolamento de cabos'!$C$58/(Geometria!$H$36/100^2))-('Isolamento de cabos'!$C$59/(Geometria!$H$41/100^3))+((Geometria!$N$284)/(Geometria!$H$41/100^3))+((Geometria!$N$295)/(Geometria!$I$41/100^3))+((Geometria!$H$52*Geometria!$N$306)/(Geometria!$I$41/100^3)),IF(M46="Sim",-('Perdas por Seção'!R97/(Geometria!$H$36/100^2))-('Perdas por Seção'!R98/(Geometria!$H$41/100^3))+((Geometria!$N$284)/(Geometria!$H$41/100^3))+((Geometria!$N$295)/(Geometria!$I$41/100^3))+((Geometria!$H$52*Geometria!$N$306)/(Geometria!$I$41/100^3)),-('Perdas por Seção'!R97/(Geometria!$H$36/100^2))-('Perdas por Seção'!R98/(Geometria!$H$41/100^3))+((Geometria!$N$284)/(Geometria!$H$41/100^3))+((Geometria!$N$295)/(Geometria!$I$41/100^3))+((Geometria!$H$52*Geometria!$N$306)/(Geometria!$I$41/100^3)))) -> -1556.9517 | V46: =Geometria!$H$166*R46+Geometria!$H$168*R23 -> 2850.0268 | W46: =Geometria!$H$166*R46*Geometria!$H$167/100-Geometria!$H$168*R23*Geometria!$H$169/100 -> 269.35956 | Y46: =P46/1000 -> -1.5569517 | AB46: =-(Geometria!$J$242/(Geometria!$H$36/100^2))-(Geometria!$J$243/(Geometria!$H$41/100^3))+((Geometria!$N$284)/(Geometria!$H$41/100^3))+((Geometria!$N$295)/(Geometria!$I$41/100^3))+((Geometria!$H$52*Geometria!$N$306)/(Geometria!$I$41/100^3)) -> -1849.8159
A47: σi,17 | B47: =B35 -> OK | C47: =IF(B47="Reduzir",D47,F47) -> -10662.623 | D47: =-I47/(Geometria!$H$36/100^2)-J47/(Geometria!$H$41/100^3)+Geometria!$G$747/(Geometria!$H$41/100^3) -> -38608.763 | E47: =('Perdas por Seção'!S59*(Geometria!$K$280*100))/Geometria!$J$1031 -> 332.06069 | F47: =IF(H47="Sim",-('Isolamento de cabos'!$C$26)/(Geometria!$H$36/100^2)-('Isolamento de cabos'!$C$27)/(Geometria!$H$41/100^3)+Geometria!$G$747/(Geometria!$H$41/100^3),IF(M47="Sim",-'Perdas por Seção'!S99/(Geometria!$H$36/100^2)-'Perdas por Seção'!S100/(Geometria!$H$41/100^3)+Geometria!$G$747/(Geometria!$H$41/100^3),-'Perdas por Seção'!S99/(Geometria!$H$36/100^2)-'Perdas por Seção'!S100/(Geometria!$H$41/100^3)+Geometria!$G$747/(Geometria!$H$41/100^3))) -> -10662.623 | H47: =IF(Geometria!$K$280<'Isolamento de cabos'!$C$8,"Sim","Não") -> Não | I47: =Geometria!$H$166*E47+Geometria!$H$168*E24 -> 2621.9512 | J47: =Geometria!$H$166*E47*Geometria!$H$167/100-Geometria!$H$168*E24*Geometria!$H$169/100 -> 247.80385 | L47: =C47/1000 -> -10.662623 | M47: =IF(Geometria!$K$280<'Isolamento de cabos'!$C$10,"Sim","Não") -> Não | N47: σi,17 | O47: =O35 -> OK | P47: =IF(O47="Reduzir",Q47,S47) -> -2943.216 | Q47: =-(V47/(Geometria!$H$36/100^2))-(W47/(Geometria!$H$41/100^3))+((Geometria!$G$287)/(Geometria!$H$41/100^3))+((Geometria!$G$298)/(Geometria!$I$41/100^3))+((Geometria!$H$52*Geometria!$G$309)/(Geometria!$I$41/100^3)) -> -26981.158 | R47: =('Perdas por Seção'!S91*(Geometria!$K$280*100))/Geometria!$J$1031 -> 285.62282 | S47: =IF(H47="Sim",-('Isolamento de cabos'!$C$58/(Geometria!$H$36/100^2))-('Isolamento de cabos'!$C$59/(Geometria!$H$41/100^3))+((Geometria!$G$287)/(Geometria!$H$41/100^3))+((Geometria!$G$298)/(Geometria!$I$41/100^3))+((Geometria!$H$52*Geometria!$G$309)/(Geometria!$I$41/100^3)),IF(M47="Sim",-('Perdas por Seção'!S97/(Geometria!$H$36/100^2))-('Perdas por Seção'!S98/(Geometria!$H$41/100^3))+((Geometria!$G$287)/(Geometria!$H$41/100^3))+((Geometria!$G$298)/(Geometria!$I$41/100^3))+((Geometria!$H$52*Geometria!$G$309)/(Geometria!$I$41/100^3)),-('Perdas por Seção'!S97/(Geometria!$H$36/100^2))-('Perdas por Seção'!S98/(Geometria!$H$41/100^3))+((Geometria!$G$287)/(Geometria!$H$41/100^3))+((Geometria!$G$298)/(Geometria!$I$41/100^3))+((Geometria!$H$52*Geometria!$G$309)/(Geometria!$I$41/100^3)))) -> -2943.216 | V47: =Geometria!$H$166*R47+Geometria!$H$168*R24 -> 2255.2778 | W47: =Geometria!$H$166*R47*Geometria!$H$167/100-Geometria!$H$168*R24*Geometria!$H$169/100 -> 213.14909 | Y47: =P47/1000 -> -2.943216 | AB47: =-(Geometria!$J$242/(Geometria!$H$36/100^2))-(Geometria!$J$243/(Geometria!$H$41/100^3))+((Geometria!$G$287)/(Geometria!$H$41/100^3))+((Geometria!$G$298)/(Geometria!$I$41/100^3))+((Geometria!$H$52*Geometria!$G$309)/(Geometria!$I$41/100^3)) -> -3365.0978
A48: σi,18 | B48: =B34 -> OK | C48: =IF(B48="Reduzir",D48,F48) -> -11238.662 | D48: =-I48/(Geometria!$H$36/100^2)-J48/(Geometria!$H$41/100^3)+Geometria!$H$747/(Geometria!$H$41/100^3) -> -28735.409 | E48: =('Perdas por Seção'!T59*(Geometria!$J$280*100))/Geometria!$J$1031 -> 248.40615 | F48: =IF(H48="Sim",-('Isolamento de cabos'!$C$26)/(Geometria!$H$36/100^2)-('Isolamento de cabos'!$C$27)/(Geometria!$H$41/100^3)+Geometria!$H$747/(Geometria!$H$41/100^3),IF(M48="Sim",-'Perdas por Seção'!T99/(Geometria!$H$36/100^2)-'Perdas por Seção'!T100/(Geometria!$H$41/100^3)+Geometria!$H$747/(Geometria!$H$41/100^3),-'Perdas por Seção'!T99/(Geometria!$H$36/100^2)-'Perdas por Seção'!T100/(Geometria!$H$41/100^3)+Geometria!$H$747/(Geometria!$H$41/100^3))) -> -11238.662 | H48: =IF(Geometria!$J$280<'Isolamento de cabos'!$C$8,"Sim","Não") -> Não | I48: =Geometria!$H$166*E48+Geometria!$H$168*E25 -> 1961.415 | J48: =Geometria!$H$166*E48*Geometria!$H$167/100-Geometria!$H$168*E25*Geometria!$H$169/100 -> 185.37575 | L48: =C48/1000 -> -11.238662 | M48: =IF(Geometria!$J$280<'Isolamento de cabos'!$C$10,"Sim","Não") -> Não | N48: σi,18 | O48: =O34 -> OK | P48: =IF(O48="Reduzir",Q48,S48) -> -4581.4045 | Q48: =-(V48/(Geometria!$H$36/100^2))-(W48/(Geometria!$H$41/100^3))+((Geometria!$H$287)/(Geometria!$H$41/100^3))+((Geometria!$H$298)/(Geometria!$I$41/100^3))+((Geometria!$H$52*Geometria!$H$309)/(Geometria!$I$41/100^3)) -> -19474.209 | R48: =('Perdas por Seção'!T91*(Geometria!$J$280*100))/Geometria!$J$1031 -> 211.43726 | S48: =IF(H48="Sim",-('Isolamento de cabos'!$C$58/(Geometria!$H$36/100^2))-('Isolamento de cabos'!$C$59/(Geometria!$H$41/100^3))+((Geometria!$H$287)/(Geometria!$H$41/100^3))+((Geometria!$H$298)/(Geometria!$I$41/100^3))+((Geometria!$H$52*Geometria!$H$309)/(Geometria!$I$41/100^3)),IF(M48="Sim",-('Perdas por Seção'!T97/(Geometria!$H$36/100^2))-('Perdas por Seção'!T98/(Geometria!$H$41/100^3))+((Geometria!$H$287)/(Geometria!$H$41/100^3))+((Geometria!$H$298)/(Geometria!$I$41/100^3))+((Geometria!$H$52*Geometria!$H$309)/(Geometria!$I$41/100^3)),-('Perdas por Seção'!T97/(Geometria!$H$36/100^2))-('Perdas por Seção'!T98/(Geometria!$H$41/100^3))+((Geometria!$H$287)/(Geometria!$H$41/100^3))+((Geometria!$H$298)/(Geometria!$I$41/100^3))+((Geometria!$H$52*Geometria!$H$309)/(Geometria!$I$41/100^3)))) -> -4581.4045 | V48: =Geometria!$H$166*R48+Geometria!$H$168*R25 -> 1669.5086 | W48: =Geometria!$H$166*R48*Geometria!$H$167/100-Geometria!$H$168*R25*Geometria!$H$169/100 -> 157.78733 | Y48: =P48/1000 -> -4.5814045 | AB48: =-(Geometria!$J$242/(Geometria!$H$36/100^2))-(Geometria!$J$243/(Geometria!$H$41/100^3))+((Geometria!$H$287)/(Geometria!$H$41/100^3))+((Geometria!$H$298)/(Geometria!$I$41/100^3))+((Geometria!$H$52*Geometria!$H$309)/(Geometria!$I$41/100^3)) -> -5155.8855
A49: σi,19 | B49: =B33 -> OK | C49: =IF(B49="Reduzir",D49,F49) -> -11903.323 | D49: =-I49/(Geometria!$H$36/100^2)-J49/(Geometria!$H$41/100^3)+Geometria!$I$747/(Geometria!$H$41/100^3) -> -19001.278 | E49: =('Perdas por Seção'!U59*(Geometria!$I$280*100))/Geometria!$J$1031 -> 165.11228 | F49: =IF(H49="Sim",-('Isolamento de cabos'!$C$26)/(Geometria!$H$36/100^2)-('Isolamento de cabos'!$C$27)/(Geometria!$H$41/100^3)+Geometria!$I$747/(Geometria!$H$41/100^3),IF(M49="Sim",-'Perdas por Seção'!U99/(Geometria!$H$36/100^2)-'Perdas por Seção'!U100/(Geometria!$H$41/100^3)+Geometria!$I$747/(Geometria!$H$41/100^3),-'Perdas por Seção'!U99/(Geometria!$H$36/100^2)-'Perdas por Seção'!U100/(Geometria!$H$41/100^3)+Geometria!$I$747/(Geometria!$H$41/100^3))) -> -11903.323 | H49: =IF(Geometria!$I$280<'Isolamento de cabos'!$C$8,"Sim","Não") -> Não | I49: =Geometria!$H$166*E49+Geometria!$H$168*E26 -> 1303.7266 | J49: =Geometria!$H$166*E49*Geometria!$H$167/100-Geometria!$H$168*E26*Geometria!$H$169/100 -> 123.21681 | L49: =C49/1000 -> -11.903323 | M49: =IF(Geometria!$I$280<'Isolamento de cabos'!$C$10,"Sim","Não") -> Não | N49: σi,19 | O49: =O33 -> OK | P49: =IF(O49="Reduzir",Q49,S49) -> -6471.4549 | Q49: =-(V49/(Geometria!$H$36/100^2))-(W49/(Geometria!$H$41/100^3))+((Geometria!$I$287)/(Geometria!$H$41/100^3))+((Geometria!$I$298)/(Geometria!$I$41/100^3))+((Geometria!$H$52*Geometria!$I$309)/(Geometria!$I$41/100^3)) -> -12439.045 | R49: =('Perdas por Seção'!U91*(Geometria!$I$280*100))/Geometria!$J$1031 -> 138.8178 | S49: =IF(H49="Sim",-('Isolamento de cabos'!$C$58/(Geometria!$H$36/100^2))-('Isolamento de cabos'!$C$59/(Geometria!$H$41/100^3))+((Geometria!$I$287)/(Geometria!$H$41/100^3))+((Geometria!$I$298)/(Geometria!$I$41/100^3))+((Geometria!$H$52*Geometria!$I$309)/(Geometria!$I$41/100^3)),IF(M49="Sim",-('Perdas por Seção'!U97/(Geometria!$H$36/100^2))-('Perdas por Seção'!U98/(Geometria!$H$41/100^3))+((Geometria!$I$287)/(Geometria!$H$41/100^3))+((Geometria!$I$298)/(Geometria!$I$41/100^3))+((Geometria!$H$52*Geometria!$I$309)/(Geometria!$I$41/100^3)),-('Perdas por Seção'!U97/(Geometria!$H$36/100^2))-('Perdas por Seção'!U98/(Geometria!$H$41/100^3))+((Geometria!$I$287)/(Geometria!$H$41/100^3))+((Geometria!$I$298)/(Geometria!$I$41/100^3))+((Geometria!$H$52*Geometria!$I$309)/(Geometria!$I$41/100^3)))) -> -6471.4549 | V49: =Geometria!$H$166*R49+Geometria!$H$168*R26 -> 1096.1054 | W49: =Geometria!$H$166*R49*Geometria!$H$167/100-Geometria!$H$168*R26*Geometria!$H$169/100 -> 103.59427 | Y49: =P49/1000 -> -6.4714549 | AB49: =-(Geometria!$J$242/(Geometria!$H$36/100^2))-(Geometria!$J$243/(Geometria!$H$41/100^3))+((Geometria!$I$287)/(Geometria!$H$41/100^3))+((Geometria!$I$298)/(Geometria!$I$41/100^3))+((Geometria!$H$52*Geometria!$I$309)/(Geometria!$I$41/100^3)) -> -7222.179
A50: σi,20 | B50: =B32 -> Reduzir | C50: =IF(B50="Reduzir",D50,F50) -> -9418.6991 | D50: =-I50/(Geometria!$H$36/100^2)-J50/(Geometria!$H$41/100^3)+Geometria!$J$747/(Geometria!$H$41/100^3) -> -9418.6991 | E50: =('Perdas por Seção'!V59*(Geometria!$H$280*100))/Geometria!$J$1031 -> 82.277443 | F50: =IF(H50="Sim",-('Isolamento de cabos'!$C$26)/(Geometria!$H$36/100^2)-('Isolamento de cabos'!$C$27)/(Geometria!$H$41/100^3)+Geometria!$H$741/(Geometria!$H$41/100^3),IF(M50="Sim",-'Perdas por Seção'!V99/(Geometria!$H$36/100^2)-'Perdas por Seção'!V100/(Geometria!$H$41/100^3)+Geometria!$H$741/(Geometria!$H$41/100^3),-'Perdas por Seção'!V99/(Geometria!$H$36/100^2)-'Perdas por Seção'!V100/(Geometria!$H$41/100^3)+Geometria!$H$741/(Geometria!$H$41/100^3))) -> -12656.606 | H50: =IF(Geometria!$H$280<'Isolamento de cabos'!$C$8,"Sim","Não") -> Não | I50: =Geometria!$H$166*E50+Geometria!$H$168*E27 -> 649.66269 | J50: =Geometria!$H$166*E50*Geometria!$H$167/100-Geometria!$H$168*E27*Geometria!$H$169/100 -> 61.400425 | L50: =C50/1000 -> -9.4186991 | M50: =IF(Geometria!$H$280<'Isolamento de cabos'!$C$10,"Sim","Não") -> Não | N50: σi,20 | O50: =O32 -> Reduzir | P50: =IF(O50="Reduzir",Q50,S50) -> -5929.594 | Q50: =-(V50/(Geometria!$H$36/100^2))-(W50/(Geometria!$H$41/100^3))+((Geometria!$J$287)/(Geometria!$H$41/100^3))+((Geometria!$J$298)/(Geometria!$I$41/100^3))+((Geometria!$H$52*Geometria!$J$309)/(Geometria!$I$41/100^3)) -> -5929.594 | R50: =('Perdas por Seção'!V91*(Geometria!$H$280*100))/Geometria!$J$1031 -> 68.194708 | S50: =IF(H50="Sim",-('Isolamento de cabos'!$C$58/(Geometria!$H$36/100^2))-('Isolamento de cabos'!$C$59/(Geometria!$H$41/100^3))+((Geometria!$J$287)/(Geometria!$H$41/100^3))+((Geometria!$J$298)/(Geometria!$I$41/100^3))+((Geometria!$H$52*Geometria!$J$309)/(Geometria!$I$41/100^3)),IF(M50="Sim",-('Perdas por Seção'!V97/(Geometria!$H$36/100^2))-('Perdas por Seção'!V98/(Geometria!$H$41/100^3))+((Geometria!$J$287)/(Geometria!$H$41/100^3))+((Geometria!$J$298)/(Geometria!$I$41/100^3))+((Geometria!$H$52*Geometria!$J$309)/(Geometria!$I$41/100^3)),-('Perdas por Seção'!V97/(Geometria!$H$36/100^2))-('Perdas por Seção'!V98/(Geometria!$H$41/100^3))+((Geometria!$J$287)/(Geometria!$H$41/100^3))+((Geometria!$J$298)/(Geometria!$I$41/100^3))+((Geometria!$H$52*Geometria!$J$309)/(Geometria!$I$41/100^3)))) -> -8613.2956 | V50: =Geometria!$H$166*R50+Geometria!$H$168*R27 -> 538.46542 | W50: =Geometria!$H$166*R50*Geometria!$H$167/100-Geometria!$H$168*R27*Geometria!$H$169/100 -> 50.891033 | Y50: =P50/1000 -> -5.929594 | AB50: =-(Geometria!$J$242/(Geometria!$H$36/100^2))-(Geometria!$J$243/(Geometria!$H$41/100^3))+((Geometria!$J$287)/(Geometria!$H$41/100^3))+((Geometria!$J$298)/(Geometria!$I$41/100^3))+((Geometria!$H$52*Geometria!$J$309)/(Geometria!$I$41/100^3)) -> -9563.9783
A51: σi,21 | B51: =B31 -> Reduzir | D51: 0 | E51: 0 | F51: 0 | L51: =C51/1000 -> 0 | N51: σi,21 | O51: =O31 -> Reduzir | Q51: 0 | R51: 0 | S51: 0 | Y51: =P51/1000 -> 0

Sheet Frequência
B2: 1.1 | C2: SEÇÃO PRÉ-FABRICADA | V2: AUXILIAR: MATERIAIS E SEÇÃO COMPOSTA
B3: hpré | C3: =Geometria!H23 -> 25 | D3: cm | E3: *Altura da laje | V3: αE,laje | W3: 1 | X3: -
B4: hcapa | C4: =Geometria!H33 -> 5 | D4: cm | E4: *Altura da capa | V4: αE,capa | W4: 1.2 | X4: -
B5: bf | C5: =Geometria!H22 -> 125 | D5: cm | E5: *Largura da laje | V5: fck,chav | W5: =Geometria!H59 -> 30 | X5: MPa
B6: fck | C6: =Geometria!H58 -> 50 | D6: Mpa | E6: *Fck da laje | V6: αE,chav | W6: =W4 -> 1.2 | X6: -
B7: ecs | C7: =W8*W7 -> 36628.131 | D7: Mpa | E7: *Módulo secante da laje × daf da laje isolada (auxiliar em V2:X23) | V7: daf,isol | W7: 1 | X7: -
B8: Ac,pré | C8: =Geometria!H36/100^2 -> 0.15588832 | D8: m² | E8: *Área da laje | V8: Ecs,laje | W8: =W3*5600*SQRT(C6)*MIN(1,0.8+0.2*C6/80) -> 36628.131 | X8: MPa
B9: I | C9: =Geometria!H37/100^4 -> 0.001244227 | D9: M^4 | E9: *Inércia da laje | V9: Ecs,capa | W9: =W4*5600*SQRT(Geometria!H59)*MIN(1,0.8+0.2*Geometria!H59/80) -> 32206.086 | X9: MPa
B10: Peso | C10: =(C8*2500) -> 389.72079 | D10: Kg/m | E10: *Peso de seção pré | V10: Ecs,chav | W10: =W6*5600*SQRT(W5)*MIN(1,0.8+0.2*W5/80) -> 32206.086 | X10: MPa
V11: n,capa | W11: =W9/W8 -> 0.87927189 | X11: -
B12: 1.3 | C12: SEÇÃO COMPOSTA | V12: n,chav | W12: =W10/W8 -> 0.87927189 | X12: -
B13: hcomp | C13: =Geometria!H30+Geometria!H33 -> 30 | D13: cm | E13: *Altura da seção composta | V13: y,pré | W13: =Geometria!H24/100 -> 0.12451124 | X13: m
B14: L | C14: =Geometria!H21 -> 982 | D14: cm | E14: *Comprimento da laje | V14: A,capa | W14: =(C5/100)*(C4/100) -> 0.0625 | X14: m²
B15: bsup | C15: ='Propriedades geométricas LA '!M16 -> 121.2 | D15: cm | E15: *Largura de seção composta | V15: y,capa | W15: =(C3+C4/2)/100 -> 0.275 | X15: m
B16: fck | C16: =C6 -> 50 | D16: Mpa | E16: *fck de referência: a seção composta é homogeneizada para o concreto da laje (item 8) | V16: I,capa | W16: =(C5/100)*(C4/100)^3/12 -> 1.3020833e-05 | X16: m⁴
B17: ecs | C17: =W8*Geometria!H1290 -> 36628.131 | D17: Mpa | E17: *Módulo secante da laje × daf da Geometria (H1290) | V17: A,chav | W17: ='Propriedades geométricas chavet'!M6/100^2 -> 0.0078021 | X17: m²
B18: Ac,comp | C18: =W23 -> 0.21838832 | D18: m² | E18: *Área real de concreto: laje + capa (a chaveta é somada em C20). Auxiliar em V2:X23 | V18: y,chav | W18: ='Propriedades geométricas chavet'!M7/100 -> 0.14636072 | X18: m
B19: I | C19: =W22 -> 0.0022193906 | D19: M^4 | E19: *Inércia da seção composta (laje + capa + chaveta) homogeneizada para o concreto da laje. Auxiliar em V2:X23 | V19: I,chav | W19: ='Propriedades geométricas chavet'!M9/100^4 -> 4.7247378e-05 | X19: m⁴
B20: Peso | C20: =(C18*2500)+(('Propriedades geométricas chavet'!M6/100^2)*2500) -> 565.47604 | D20: Kg/m | E20: *Peso de seção composta + chavet | V20: A,hom | W20: =C8+W11*W14+W12*W17 -> 0.21770298 | X20: m²
V21: y,hom | W21: =(C8*W13+W11*W14*W15+W12*W17*W18)/W20 -> 0.16318744 | X21: m
B22: 2.1 | C22: RIGIDEZ DO ELEMENTO ISOLADO PRÉ-FABRICADO | V22: I,hom | W22: =C9+C8*(W13-W21)^2+W11*(W16+W14*(W15-W21)^2)+W12*(W19+W17*(W18-W21)^2) -> 0.0022193906 | X22: m⁴
B23: fn | C23: =((C26/(C10*(C14/100)))^0.5)*1/(2*PI()) -> 5.5702835 | D23: Hz | E23: *Frequência natural da laje isolada (montagem). Atenção: no ensaio de Morandini a laje solta, sem graute nos apoios, mediu cerca de 13% abaixo deste cálculo | V23: A,real | W23: =C8+W14 -> 0.21838832 | X23: m²
B24: Ei | C24: =C7*C9*1000 -> 45573.708 | D24: kN.m² | E24: *Módulo de elasticidade pelo momento de inércia
B25: K | C25: =(384*C24)/(5*(C14/100)^3) -> 3696.078 | D25: kN/m | E25: *Rigidez estática para carga uniformemente distribuída (carga total / flecha no meio do vão = 384EI/5L³). Para força concentrada no centro seria 48EI/L³. Considerando bi-apoiada
B26: K modal | C26: =(((PI()^4)*(C24*1000))/((C14/100)^3)) -> 4687911.4 | D26: N/m | E26: *Rigidez utilizada em modelos dinâmicos de um grau de liberdade para representar o primeiro modo de vibração
B28: 2.2 | C28: RIGIDEZ DO ELEMENTO ISOLADO NO PANO
B29: fn | C29: =((C32/(C20*(C14/100)))^0.5)*1/(2*PI())*$C$512 -> 9.5709041 | D29: Hz | E29: *Frequência natural do elemento, com o engastamento semirrígido dos apoios (×R, item 2.2b)
B30: Ei | C30: =(C17*C19)*1000 -> 81292.129 | D30: kN.m² | E30: *Módulo de elasticidade pelo momento de inércia
B31: K | C31: =(384*C30)/(5*(C14/100)^3) -> 6592.8812 | D31: kN/m | E31: *Rigidez estática para carga uniformemente distribuída (carga total / flecha no meio do vão = 384EI/5L³). Para força concentrada no centro seria 48EI/L³. Considerando bi-apoiada
B32: K modal | C32: =(((PI()^4)*(C30*1000))/((C14/100)^3)) -> 8362064.7 | D32: N/m | E32: *Rigidez utilizada em modelos dinâmicos de um grau de liberdade para representar o primeiro modo de vibração
B33: K limite | C33: =1.5*10^8 -> 150000000 | D33: N/m | E33: *Valor limite adotado com base em obra anterior (piso de fábrica de papel) - critério de projeto, não normativo
B34: Situação: | C34: =IF(C32>=C33,"Ok","Aumentar Rigidez do Elemento") -> Aumentar Rigidez do Elemento
B36: 2.3 | C36: RIGIDEZ TOTAL DO PANO
B37: fn | C37: =((C40/(C20*C39*(C14/100)))^0.5)*1/(2*PI())*$C$512 -> 9.5709041 | D37: Hz | E37: *Frequência natural do pano, com o engastamento semirrígido dos apoios (×R, item 2.2b)
B38: Largura do Pano: | C38: 2000 | D38: cm | E38: *Largura do pano de laje
B39: Quantidade Laje: | C39: =INT(C38/C5) -> 16 | D39: unidade | E39: *Quantidade de laje no pano
B40: K modal | C40: =C32*C39 -> 1.3379304e+08 | D40: N/m | E40: *Rigidez utilizada em modelos dinâmicos de um grau de liberdade para representar o primeiro modo de vibração
B41: Situação: | C41: =IF(C40>=C33,"Ok","Aumentar Rigidez do Elemento") -> Aumentar Rigidez do Elemento
B42: *Obs: Por mais que o conjunto atende à limitação de rigidez, ficando acima do valor mínimo obrigatório. É importante notar que, embora a rigidez aumente, a frequência natural não mudaria significantemente em relação ao elemento isolado, pois a massa também aumenta na mesma proporção.
B45: 3. | C45: CONSIDERAÇÃO DE CARGAS
B46: g5 | C46: =Geometria!H8 -> 300 | D46: kg/m² | E46: *Sobrecarga permanente
B47: q1 | C47: =Geometria!H6 -> 300 | D47: kg/m² | E47: *Sobrecarga acidental | V47: δviga,méd | W47: =('Deslocamento viga'!C27+'Deslocamento viga'!D27)/2 -> 1.5 | X47: mm
B48: ψ1 | C48: =Geometria!H1291 -> 0.4 | E48: *Fator de redução para ações variáveis | V48: fviga | W48: =IF(W47>0,0.18*SQRT(9.81/(W47/1000)),0) -> 14.556648 | X48: Hz
B50: fn | C50: =((C40/((C20*C39*(C14/100))+(C47*(C14/100)*C48*(C39*C5/100))+(C46*(C14/100)*(C39*C5/100))))^0.5)*1/(2*PI())*$C$512 -> 6.8921069 | D50: Hz | E50: *Frequência do pano com todas as cargas
B51: fn,sist | C51: =IF(W47>0,1/SQRT(1/C50^2+1/W48^2),C50) -> 6.2291788 | D51: Hz | E51: *Frequência do pano com todas as cargas + deformação das vigas de apoio (aba Deslocamento viga; auxiliar em V47:X48). É o valor usado nos critérios
B53: 4. | C53: GRÁFICO COMPARATIVO DE FREQUÊNCIAS
B54: Verificação | C54: fn (Hz)
B55: 2.1 Elemento isolado pré-fab. | C55: =C23 -> 5.5702835
B56: 2.2 Elemento isolado no pano | C56: =C29 -> 9.5709041
B57: 3. Com todas as cargas e vigas | C57: =C51 -> 6.2291788
B60: 5. | C60: SENSIBILIDADE DA FREQUÊNCIA NATURAL AO VÃO (L)
B61: *Cada tabela varia o vão L mantendo fixas as demais propriedades (Ecs, I, cargas, R), para ajuste de fn = a*L^b. Tabelas 5.2 e 5.3 incluem o engastamento semirrígido (×R)
B63: 5.1 Elemento isolado pré-fabricado (item 2.1)
B64: L (cm) | C64: L (m) | D64: fn (Hz)
B65: 400 | C65: =B65/100 -> 4 | D65: =(((PI()^4*($C$24*1000)/(C65^3))/($C$10*C65))^0.5)*1/(2*PI()) -> 33.572238
B66: 450 | C66: =B66/100 -> 4.5 | D66: =(((PI()^4*($C$24*1000)/(C66^3))/($C$10*C66))^0.5)*1/(2*PI()) -> 26.526213
B67: 500 | C67: =B67/100 -> 5 | D67: =(((PI()^4*($C$24*1000)/(C67^3))/($C$10*C67))^0.5)*1/(2*PI()) -> 21.486232
B68: 550 | C68: =B68/100 -> 5.5 | D68: =(((PI()^4*($C$24*1000)/(C68^3))/($C$10*C68))^0.5)*1/(2*PI()) -> 17.757217
B69: 600 | C69: =B69/100 -> 6 | D69: =(((PI()^4*($C$24*1000)/(C69^3))/($C$10*C69))^0.5)*1/(2*PI()) -> 14.920995
B70: 650 | C70: =B70/100 -> 6.5 | D70: =(((PI()^4*($C$24*1000)/(C70^3))/($C$10*C70))^0.5)*1/(2*PI()) -> 12.713747
B71: 700 | C71: =B71/100 -> 7 | D71: =(((PI()^4*($C$24*1000)/(C71^3))/($C$10*C71))^0.5)*1/(2*PI()) -> 10.962363
B72: 750 | C72: =B72/100 -> 7.5 | D72: =(((PI()^4*($C$24*1000)/(C72^3))/($C$10*C72))^0.5)*1/(2*PI()) -> 9.5494366
B73: 800 | C73: =B73/100 -> 8 | D73: =(((PI()^4*($C$24*1000)/(C73^3))/($C$10*C73))^0.5)*1/(2*PI()) -> 8.3930595
B74: 850 | C74: =B74/100 -> 8.5 | D74: =(((PI()^4*($C$24*1000)/(C74^3))/($C$10*C74))^0.5)*1/(2*PI()) -> 7.4346824
B75: 900 | C75: =B75/100 -> 9 | D75: =(((PI()^4*($C$24*1000)/(C75^3))/($C$10*C75))^0.5)*1/(2*PI()) -> 6.6315532
B76: 950 | C76: =B76/100 -> 9.5 | D76: =(((PI()^4*($C$24*1000)/(C76^3))/($C$10*C76))^0.5)*1/(2*PI()) -> 5.9518649
... B81: 1200 | C81: =B81/100 -> 12 | D81: =(((PI()^4*($C$24*1000)/(C81^3))/($C$10*C81))^0.5)*1/(2*PI()) -> 3.7302487
B84: 5.2 Elemento isolado no pano (item 2.2)
B85: L (cm) | C85: L (m) | D85: fn (Hz)
B86: 400 | C86: =B86/100 -> 4 | D86: =(((PI()^4*($C$30*1000)/(C86^3))/($C$20*C86))^0.5)*1/(2*PI())*$C$512 -> 57.684078
B87: 450 | C87: =B87/100 -> 4.5 | D87: =(((PI()^4*($C$30*1000)/(C87^3))/($C$20*C87))^0.5)*1/(2*PI())*$C$512 -> 45.577543
B88: 500 | C88: =B88/100 -> 5 | D88: =(((PI()^4*($C$30*1000)/(C88^3))/($C$20*C88))^0.5)*1/(2*PI())*$C$512 -> 36.91781
B89: 550 | C89: =B89/100 -> 5.5 | D89: =(((PI()^4*($C$30*1000)/(C89^3))/($C$20*C89))^0.5)*1/(2*PI())*$C$512 -> 30.510587
B90: 600 | C90: =B90/100 -> 6 | D90: =(((PI()^4*($C$30*1000)/(C90^3))/($C$20*C90))^0.5)*1/(2*PI())*$C$512 -> 25.637368
B91: 650 | C91: =B91/100 -> 6.5 | D91: =(((PI()^4*($C$30*1000)/(C91^3))/($C$20*C91))^0.5)*1/(2*PI())*$C$512 -> 21.844858
B92: 700 | C92: =B92/100 -> 7 | D92: =(((PI()^4*($C$30*1000)/(C92^3))/($C$20*C92))^0.5)*1/(2*PI())*$C$512 -> 18.835617
B93: 750 | C93: =B93/100 -> 7.5 | D93: =(((PI()^4*($C$30*1000)/(C93^3))/($C$20*C93))^0.5)*1/(2*PI())*$C$512 -> 16.407916
B94: 800 | C94: =B94/100 -> 8 | D94: =(((PI()^4*($C$30*1000)/(C94^3))/($C$20*C94))^0.5)*1/(2*PI())*$C$512 -> 14.42102
B95: 850 | C95: =B95/100 -> 8.5 | D95: =(((PI()^4*($C$30*1000)/(C95^3))/($C$20*C95))^0.5)*1/(2*PI())*$C$512 -> 12.774329
B96: 900 | C96: =B96/100 -> 9 | D96: =(((PI()^4*($C$30*1000)/(C96^3))/($C$20*C96))^0.5)*1/(2*PI())*$C$512 -> 11.394386
B97: 950 | C97: =B97/100 -> 9.5 | D97: =(((PI()^4*($C$30*1000)/(C97^3))/($C$20*C97))^0.5)*1/(2*PI())*$C$512 -> 10.22654
... B102: 1200 | C102: =B102/100 -> 12 | D102: =(((PI()^4*($C$30*1000)/(C102^3))/($C$20*C102))^0.5)*1/(2*PI())*$C$512 -> 6.409342
B105: 5.3 Painel com todas as cargas (item 3)
B106: L (cm) | C106: L (m) | D106: fn (Hz)
B107: 400 | C107: =B107/100 -> 4 | D107: =((((PI()^4*($C$30*1000)/(C107^3))*$C$39)/(($C$20*$C$39*C107)+($C$47*C107*$C$48*($C$39*$C$5/100))+($C$46*C107*($C$39*$C$5/100))))^0.5)*1/(2*PI())*$C$512 -> 41.538901
B108: 450 | C108: =B108/100 -> 4.5 | D108: =((((PI()^4*($C$30*1000)/(C108^3))*$C$39)/(($C$20*$C$39*C108)+($C$47*C108*$C$48*($C$39*$C$5/100))+($C$46*C108*($C$39*$C$5/100))))^0.5)*1/(2*PI())*$C$512 -> 32.82086
B109: 500 | C109: =B109/100 -> 5 | D109: =((((PI()^4*($C$30*1000)/(C109^3))*$C$39)/(($C$20*$C$39*C109)+($C$47*C109*$C$48*($C$39*$C$5/100))+($C$46*C109*($C$39*$C$5/100))))^0.5)*1/(2*PI())*$C$512 -> 26.584896
B110: 550 | C110: =B110/100 -> 5.5 | D110: =((((PI()^4*($C$30*1000)/(C110^3))*$C$39)/(($C$20*$C$39*C110)+($C$47*C110*$C$48*($C$39*$C$5/100))+($C$46*C110*($C$39*$C$5/100))))^0.5)*1/(2*PI())*$C$512 -> 21.970989
B111: 600 | C111: =B111/100 -> 6 | D111: =((((PI()^4*($C$30*1000)/(C111^3))*$C$39)/(($C$20*$C$39*C111)+($C$47*C111*$C$48*($C$39*$C$5/100))+($C$46*C111*($C$39*$C$5/100))))^0.5)*1/(2*PI())*$C$512 -> 18.461734
B112: 650 | C112: =B112/100 -> 6.5 | D112: =((((PI()^4*($C$30*1000)/(C112^3))*$C$39)/(($C$20*$C$39*C112)+($C$47*C112*$C$48*($C$39*$C$5/100))+($C$46*C112*($C$39*$C$5/100))))^0.5)*1/(2*PI())*$C$512 -> 15.730708
B113: 700 | C113: =B113/100 -> 7 | D113: =((((PI()^4*($C$30*1000)/(C113^3))*$C$39)/(($C$20*$C$39*C113)+($C$47*C113*$C$48*($C$39*$C$5/100))+($C$46*C113*($C$39*$C$5/100))))^0.5)*1/(2*PI())*$C$512 -> 13.563723
B114: 750 | C114: =B114/100 -> 7.5 | D114: =((((PI()^4*($C$30*1000)/(C114^3))*$C$39)/(($C$20*$C$39*C114)+($C$47*C114*$C$48*($C$39*$C$5/100))+($C$46*C114*($C$39*$C$5/100))))^0.5)*1/(2*PI())*$C$512 -> 11.815509
B115: 800 | C115: =B115/100 -> 8 | D115: =((((PI()^4*($C$30*1000)/(C115^3))*$C$39)/(($C$20*$C$39*C115)+($C$47*C115*$C$48*($C$39*$C$5/100))+($C$46*C115*($C$39*$C$5/100))))^0.5)*1/(2*PI())*$C$512 -> 10.384725
B116: 850 | C116: =B116/100 -> 8.5 | D116: =((((PI()^4*($C$30*1000)/(C116^3))*$C$39)/(($C$20*$C$39*C116)+($C$47*C116*$C$48*($C$39*$C$5/100))+($C$46*C116*($C$39*$C$5/100))))^0.5)*1/(2*PI())*$C$512 -> 9.1989261
B117: 900 | C117: =B117/100 -> 9 | D117: =((((PI()^4*($C$30*1000)/(C117^3))*$C$39)/(($C$20*$C$39*C117)+($C$47*C117*$C$48*($C$39*$C$5/100))+($C$46*C117*($C$39*$C$5/100))))^0.5)*1/(2*PI())*$C$512 -> 8.2052149
B118: 950 | C118: =B118/100 -> 9.5 | D118: =((((PI()^4*($C$30*1000)/(C118^3))*$C$39)/(($C$20*$C$39*C118)+($C$47*C118*$C$48*($C$39*$C$5/100))+($C$46*C118*($C$39*$C$5/100))))^0.5)*1/(2*PI())*$C$512 -> 7.3642372
... B123: 1200 | C123: =B123/100 -> 12 | D123: =((((PI()^4*($C$30*1000)/(C123^3))*$C$39)/(($C$20*$C$39*C123)+($C$47*C123*$C$48*($C$39*$C$5/100))+($C$46*C123*($C$39*$C$5/100))))^0.5)*1/(2*PI())*$C$512 -> 4.6154334
B126: 6. | C126: ONDA SENOIDAL CONTÍNUA DAS FREQUÊNCIAS NATURAIS
B127: *y = sen(2*PI()*fn*t), amplitude unitária, 3 ciclos completos, 40 pontos por ciclo — ligado à fn calculada
B129: 6.1 Elemento isolado pré-fabricado — fn = $C$23 (item 2.1)
...

Sheet Deslocamento viga
B2: V. | C2: DESLOCAMENTO DAS VIGAS DE APOIO DAS LAJES (entrada do item 7.2 da aba Frequência)
B3: *A laje vibra junto com as vigas em que se apoia: o deslocamento da viga no ponto de apoio da laje soma-se à flecha da laje e reduz a frequência do conjunto (aba Frequência, linha 51 "fn,sist"). As cargas são as mesmas do item 3 da aba Frequência (peso próprio + g5 + ψ1·q1). Preencha os dados de cada viga ou force o deslocamento calculado externamente em "δ forçado". Enquanto "Considerar" estiver "Não", o deslocamento adotado é zero (apoio indeformável).
C6: Viga esquerda | D6: Viga direita | E6: Unid.
B7: Considerar? | C7: Não | D7: Sim | E7: - | F7: *"Sim" para somar o deslocamento desta viga no item 7.2; "Não" = apoio indeformável
B8: Lviga | C8: 8 | D8: 8 | E8: m | F8: *Vão da viga (entre apoios)
B9: b | C9: 40 | D9: 40 | E9: cm | F9: *Largura da viga
B10: h | C10: 60 | D10: 60 | E10: cm | F10: *Altura da viga
B11: fck | C11: 50 | D11: 50 | E11: MPa | F11: *Classe do concreto da viga
B12: αE | C12: 1 | D12: 1 | E12: - | F12: *Coeficiente do agregado (NBR 6118 8.2.8)
B13: daf | C13: =Geometria!H1290 -> 1 | D13: =Geometria!H1290 -> 1 | E13: - | F13: *Majorador dinâmico do módulo (mesmo da laje)
B14: Ecs | C14: =C12*5600*SQRT(C11)*MIN(1,0.8+0.2*C11/80)*C13 -> 36628.131 | D14: =D12*5600*SQRT(D11)*MIN(1,0.8+0.2*D11/80)*D13 -> 36628.131 | E14: MPa | F14: *Módulo secante majorado
B15: I | C15: =C9/100*(C10/100)^3/12 -> 0.0072 | D15: =D9/100*(D10/100)^3/12 -> 0.0072 | E15: m⁴ | F15: *Inércia bruta retangular (substituir por I da seção composta, se houver, em "I forçado")
B16: I forçado | E16: m⁴ | F16: *Opcional: inércia da viga calculada externamente (seção T, composta, protendida)
B17: I adotado | C17: =IF(ISNUMBER(C16),C16,C15) -> 0.0072 | D17: =IF(ISNUMBER(D16),D16,D15) -> 0.0072 | E17: m⁴ | F17: *Inércia usada
B18: qpiso | C18: =(Frequência!$C$20/(Frequência!$C$5/100)+Frequência!$C$47*Frequência!$C$48+Frequência!$C$46)*9.81/1000 -> 8.558056 | D18: =(Frequência!$C$20/(Frequência!$C$5/100)+Frequência!$C$47*Frequência!$C$48+Frequência!$C$46)*9.81/1000 -> 8.558056 | E18: kN/m² | F18: *Carga do piso na combinação do item 3 da aba Frequência
B19: Llaje,1 | C19: =Frequência!$C$14/100 -> 9.82 | D19: =Frequência!$C$14/100 -> 9.82 | E19: m | F19: *Vão da laje calculada, apoiada nesta viga
B20: Llaje,2 | C20: 0 | D20: 0 | E20: m | F20: *Vão da laje do outro lado da viga (0 = viga de borda)
B21: wlaje | C21: =C18*(C19+C20)/2 -> 42.020055 | D21: =D18*(D19+D20)/2 -> 42.020055 | E21: kN/m | F21: *Reação das lajes na viga (metade do vão de cada lado)
B22: wpp | C22: =C9/100*C10/100*25 -> 6 | D22: =D9/100*D10/100*25 -> 6 | E22: kN/m | F22: *Peso próprio da viga
B23: w | C23: =C21+C22 -> 48.020055 | D23: =D21+D22 -> 48.020055 | E23: kN/m | F23: *Carga total na viga
B24: Coef. | C24: 0.25 | D24: 0.25 | E24: - | F24: *Condição de apoio da viga: 1,0 biapoiada; ≈ 0,42 vão extremo contínuo; ≈ 0,2 vão interno contínuo ou biengastada
B25: δcalc | C25: =C24*5*C23*C8^4/(384*C14*1000*C17)*1000 -> 2.4278068 | D25: =D24*5*D23*D8^4/(384*D14*1000*D17)*1000 -> 2.4278068 | E25: mm | F25: *Deslocamento no meio do vão da viga (5wL⁴/384EI × coef.)
B26: δ forçado | C26: 3 | D26: 3 | E26: mm | F26: *Opcional: deslocamento calculado externamente (sobrepõe o calculado)
B27: δ adotado | C27: =IF(C7="Sim",IF(ISNUMBER(C26),C26,C25),0) -> 0 | D27: =IF(D7="Sim",IF(ISNUMBER(D26),D26,D25),0) -> 3 | E27: mm | F27: *Valor enviado à aba Frequência (média dos dois lados, linha 51 "fn,sist")
B28: fviga | C28: =IF(C27>0,0.18*SQRT(9.81/(C27/1000)),"-") -> - | D28: =IF(D27>0,0.18*SQRT(9.81/(D27/1000)),"-") -> 10.293104 | E28: Hz | F28: *Frequência própria da viga com as lajes (informativo)

Sheet Resumo
H1: Obra:
H2: Nº da peça
H4: L = | I4: =Geometria!H21 -> 982 | J4: cm | K4: =Geometria!L6 -> Domínio 3
H5: bw = | I5: =Geometria!H22 -> 125 | J5: cm
H6: h = | I6: =Geometria!H23 -> 25 | J6: cm
H7: h,capa = | I7: =Geometria!H33 -> 5 | J7: cm | K7: Preencher alvéolos? (Qtd) | M7: =Geometria!M11 -> 0
H8: Fck | I8: =Geometria!H58 -> 50 | J8: MPa
H9: Alvenaria? | I9: =IF(Geometria!H9>0,"Sim","Não") -> Não | K9: Vd | M9: =Geometria!M13 -> 96.579745
H10: Sc = | I10: =Geometria!H6 -> 300 | J10: kg/m²
H11: G = | I11: =Geometria!H8 -> 300 | J11: kg/m² | K11: Vrd,mín | M11: =Geometria!M15 -> 136.86824
K13: =Geometria!L17 -> Cisalhamento Ok
K15: As'
K16: =Geometria!L20 -> 0
K19: As
K20: =Geometria!L24 -> 8Ø12,7mm
K23: Deformações t=1
K24: =Geometria!L1000 -> -1.4113561
K27: Deformações diferidas - t=inf
K28: =Geometria!H1000 -> 0.14922692
K31: Comprimento de alongamento SUP.
K32: =Geometria!L126 -> 79.054374
K35: Comprimento de alongamento INF.
K36: =Geometria!L139 -> 60.06006
K39: Deformações t=1
K40: =Geometria!L28 -> -1.4113561
K43: Deformações diferidas - t=inf
K44: =Geometria!L32 -> 0.14922692
H47: Detalhamento
I62: Cordoalha superior
I63: N2 | J63: =Geometria!$J$137 -> 0 | K63: =Geometria!$K$137 -> 9.5 | N63: =Geometria!$H$21/100 -> 9.82
I65: Alongamento = | N65: =K32 -> 79.054374
I67: Tensão inicial = | N67: =Geometria!L104 -> 500
I71: Cordoalha inferior
I72: N1 | J72: =Geometria!$J$124 -> 8 | K72: =Geometria!$K$124 -> 12.7 | N72: =Geometria!$H$21/100 -> 9.82
I74: Alongamento = | N74: =K36 -> 60.06006
I76: Tensão inicial = | N76: =Geometria!I104 -> 1463
H94: ELS-F
H141: ELS-D

Sheet Fluência
N2: Seção Pré-fabricada
A6: DADOS DE ENTRADA | F6: AUXÍLIO | K6: DADOS DE ENTRADA | P6: AUXÍLIO | U6: DADOS DE ENTRADA | Z6: AUXÍLIO | AE6: DADOS DE ENTRADA | AJ6: AUXÍLIO | AO6: DADOS DE ENTRADA | AT6: AUXÍLIO | AY6: DADOS DE ENTRADA | BD6: AUXÍLIO | BI6: DADOS DE ENTRADA | BN6: AUXÍLIO
A7: Ac | B7: =Geometria!M158 -> 1558.8832 | C7: fck | D7: =Geometria!H58 -> 50 | F7: Tipo Cimento | G7: s | H7: α fluência | I7: α retração | K7: Ac | L7: =Geometria!M158 -> 1558.8832 | M7: fck | N7: =Geometria!H58 -> 50 | P7: Tipo Cimento | Q7: s | R7: α fluência | S7: α retração | U7: Ac | V7: =Geometria!M158 -> 1558.8832 | W7: fck | X7: =Geometria!H58 -> 50 | Z7: Tipo Cimento | AA7: s | AB7: α fluência | AC7: α retração | AE7: Ac | AF7: =Geometria!M158 -> 1558.8832 | AG7: fck | AH7: =Geometria!H58 -> 50 | AJ7: Tipo Cimento | AK7: s | AL7: α fluência | AM7: α retração | AO7: Ac | AP7: =Geometria!M158 -> 1558.8832 | AQ7: fck | AR7: =Geometria!H58 -> 50 | AT7: Tipo Cimento | AU7: s | AV7: α fluência | AW7: α retração | AY7: Ac | AZ7: =Geometria!M158 -> 1558.8832 | BA7: fck | BB7: =Geometria!H58 -> 50 | BD7: Tipo Cimento | BE7: s | BF7: α fluência | BG7: α retração | BI7: Ac | BJ7: =Geometria!M158 -> 1558.8832 | BK7: fck | BL7: =Geometria!H58 -> 50 | BN7: Tipo Cimento | BO7: s | BP7: α fluência | BQ7: α retração
A8: uar | B8: =Geometria!$N$201 -> 733.7709 | C8: Cimento | D8: =Geometria!H62 -> CPV-ARI | F8: CPI E CPII | G8: 0.25 | H8: 2 | I8: 1 | K8: uar | L8: =Geometria!$N$202 -> 733.7709 | M8: Cimento | N8: =D8 -> CPV-ARI | P8: CPI E CPII | Q8: 0.25 | R8: 2 | S8: 1 | U8: uar | V8: =Geometria!$N$203 -> 554.0689 | W8: Cimento | X8: =N8 -> CPV-ARI | Z8: CPI E CPII | AA8: 0.25 | AB8: 2 | AC8: 1 | AE8: uar | AF8: =Geometria!$N$204 -> 340.91225 | AG8: Cimento | AH8: =X8 -> CPV-ARI | AJ8: CPI E CPII | AK8: 0.25 | AL8: 2 | AM8: 1 | AO8: uar | AP8: =Geometria!$N$205 -> 234.33392 | AQ8: Cimento | AR8: =AH8 -> CPV-ARI | AT8: CPI E CPII | AU8: 0.25 | AV8: 2 | AW8: 1 | AY8: uar | AZ8: =Geometria!$N$206 -> 127.7556 | BA8: Cimento | BB8: =AR8 -> CPV-ARI | BD8: CPI E CPII | BE8: 0.25 | BF8: 2 | BG8: 1 | BI8: uar | BJ8: =Geometria!$N$207 -> 127.7556 | BK8: Cimento | BL8: =BB8 -> CPV-ARI | BN8: CPI E CPII | BO8: 0.25 | BP8: 2 | BQ8: 1
A9: U (umid.) | B9: =Geometria!$H$209 -> 70 | C9: Δtef,i | D9: =Geometria!$I$201 -> 1 | F9: CPIII e CPIV | G9: 0.38 | H9: 1 | I9: 1 | K9: U (umid.) | L9: =Geometria!$H$209 -> 70 | M9: Δtef,i | N9: 5 | P9: CPIII e CPIV | Q9: 0.38 | R9: 1 | S9: 1 | U9: U (umid.) | V9: =Geometria!$H$209 -> 70 | W9: Δtef,i | X9: =Geometria!$I$203 -> 15 | Z9: CPIII e CPIV | AA9: 0.38 | AB9: 1 | AC9: 1 | AE9: U (umid.) | AF9: =Geometria!$H$209 -> 70 | AG9: Δtef,i | AH9: =Geometria!$I$204 -> 30 | AJ9: CPIII e CPIV | AK9: 0.38 | AL9: 1 | AM9: 1 | AO9: U (umid.) | AP9: =Geometria!$H$209 -> 70 | AQ9: Δtef,i | AR9: =Geometria!$I$205 -> 45 | AT9: CPIII e CPIV | AU9: 0.38 | AV9: 1 | AW9: 1 | AY9: U (umid.) | AZ9: =Geometria!$H$209 -> 70 | BA9: Δtef,i | BB9: =Geometria!$I$206 -> 60 | BD9: CPIII e CPIV | BE9: 0.38 | BF9: 1 | BG9: 1 | BI9: U (umid.) | BJ9: =Geometria!$H$209 -> 70 | BK9: Δtef,i | BL9: =Geometria!$I$207 -> 75 | BN9: CPIII e CPIV | BO9: 0.38 | BP9: 1 | BQ9: 1
A10: Ti | B10: =Geometria!$L$209 -> 20 | C10: t∞ | D10: 10000 | F10: CPV-ARI | G10: 0.2 | H10: 3 | I10: 1 | K10: Ti | L10: =Geometria!$L$209 -> 20 | M10: t∞ | N10: 10000 | P10: CPV-ARI | Q10: 0.2 | R10: 3 | S10: 1 | U10: Ti | V10: =Geometria!$L$209 -> 20 | W10: t∞ | X10: 10000 | Z10: CPV-ARI | AA10: 0.2 | AB10: 3 | AC10: 1 | AE10: Ti | AF10: =Geometria!$L$209 -> 20 | AG10: t∞ | AH10: 10000 | AJ10: CPV-ARI | AK10: 0.2 | AL10: 3 | AM10: 1 | AO10: Ti | AP10: =Geometria!$L$209 -> 20 | AQ10: t∞ | AR10: 10000 | AT10: CPV-ARI | AU10: 0.2 | AV10: 3 | AW10: 1 | AY10: Ti | AZ10: =Geometria!$L$209 -> 20 | BA10: t∞ | BB10: 10000 | BD10: CPV-ARI | BE10: 0.2 | BF10: 3 | BG10: 1 | BI10: Ti | BJ10: =Geometria!$L$209 -> 20 | BK10: t∞ | BL10: 10000 | BN10: CPV-ARI | BO10: 0.2 | BP10: 3 | BQ10: 1
A11: Slump | B11: =Geometria!$H$210 -> 4 | K11: Slump | L11: =Geometria!$H$210 -> 4 | U11: Slump | V11: =Geometria!$H$210 -> 4 | AE11: Slump | AF11: =V11 -> 4 | AO11: Slump | AP11: =AF11 -> 4 | AY11: Slump | AZ11: =AP11 -> 4 | BI11: Slump | BJ11: =AZ11 -> 4
A12: COEFICIENTE DE FLUÊNCIA | C12: RETRAÇÃO DO CONCRETO | K12: COEFICIENTE DE FLUÊNCIA | M12: RETRAÇÃO DO CONCRETO | U12: COEFICIENTE DE FLUÊNCIA | W12: RETRAÇÃO DO CONCRETO | AE12: COEFICIENTE DE FLUÊNCIA | AG12: RETRAÇÃO DO CONCRETO | AO12: COEFICIENTE DE FLUÊNCIA | AQ12: RETRAÇÃO DO CONCRETO | AY12: COEFICIENTE DE FLUÊNCIA | BA12: RETRAÇÃO DO CONCRETO | BI12: COEFICIENTE DE FLUÊNCIA | BK12: RETRAÇÃO DO CONCRETO
A13: Deformação rápida | C13: ε1s 0-4 | D13: =D14*0.75 -> -0.00037327983 | K13: Deformação rápida | M13: ε1s 0-4 | N13: =N14*0.75 -> -0.00037327983 | U13: Deformação rápida | W13: ε1s 0-4 | X13: =X14*0.75 -> -0.00037327983 | AE13: Deformação rápida | AG13: ε1s 0-4 | AH13: =AH14*0.75 -> -0.00037327983 | AO13: Deformação rápida | AQ13: ε1s 0-4 | AR13: =AR14*0.75 -> -0.00037327983 | AY13: Deformação rápida | BA13: ε1s 0-4 | BB13: =BB14*0.75 -> -0.00037327983 | BI13: Deformação rápida | BK13: ε1s 0-4 | BL13: =BL14*0.75 -> -0.00037327983
A14: α | B14: =VLOOKUP(D8,F8:I10,3,FALSE) -> 3 | C14: ε1s 5-9 | D14: =(-8.09+(B9/15)-(B9^2/2284)-(B9^3/133765)+(B9^4/7608150))*10^-4 -> -0.00049770644 | K14: α | L14: =VLOOKUP(N8,P8:S10,3,FALSE) -> 3 | M14: ε1s 5-9 | N14: =(-8.09+(L9/15)-(L9^2/2284)-(L9^3/133765)+(L9^4/7608150))*10^-4 -> -0.00049770644 | U14: α | V14: =VLOOKUP(X8,Z8:AC10,3,FALSE) -> 3 | W14: ε1s 5-9 | X14: =(-8.09+(V9/15)-(V9^2/2284)-(V9^3/133765)+(V9^4/7608150))*10^-4 -> -0.00049770644 | AE14: α | AF14: =VLOOKUP(AH8,AJ8:AM10,3,FALSE) -> 3 | AG14: ε1s 5-9 | AH14: =(-8.09+(AF9/15)-(AF9^2/2284)-(AF9^3/133765)+(AF9^4/7608150))*10^-4 -> -0.00049770644 | AO14: α | AP14: =VLOOKUP(AR8,AT8:AW10,3,FALSE) -> 3 | AQ14: ε1s 5-9 | AR14: =(-8.09+(AP9/15)-(AP9^2/2284)-(AP9^3/133765)+(AP9^4/7608150))*10^-4 -> -0.00049770644 | AY14: α | AZ14: =VLOOKUP(BB8,BD8:BG10,3,FALSE) -> 3 | BA14: ε1s 5-9 | BB14: =(-8.09+(AZ9/15)-(AZ9^2/2284)-(AZ9^3/133765)+(AZ9^4/7608150))*10^-4 -> -0.00049770644 | BI14: α | BJ14: =VLOOKUP(BL8,BN8:BQ10,3,FALSE) -> 3 | BK14: ε1s 5-9 | BL14: =(-8.09+(BJ9/15)-(BJ9^2/2284)-(BJ9^3/133765)+(BJ9^4/7608150))*10^-4 -> -0.00049770644
A15: t0i, fic | B15: =B14*(B10+10)*D9/30 -> 3 | C15: ε1s 10-15 | D15: =D14*1.25 -> -0.00062213306 | K15: t0i, fic | L15: =L14*(L10+10)*N9/30 -> 15 | M15: ε1s 10-15 | N15: =N14*1.25 -> -0.00062213306 | U15: t0i, fic | V15: =V14*(V10+10)*X9/30 -> 45 | W15: ε1s 10-15 | X15: =X14*1.25 -> -0.00062213306 | AE15: t0i, fic | AF15: =AF14*(AF10+10)*AH9/30 -> 90 | AG15: ε1s 10-15 | AH15: =AH14*1.25 -> -0.00062213306 | AO15: t0i, fic | AP15: =AP14*(AP10+10)*AR9/30 -> 135 | AQ15: ε1s 10-15 | AR15: =AR14*1.25 -> -0.00062213306 | AY15: t0i, fic | AZ15: =AZ14*(AZ10+10)*BB9/30 -> 180 | BA15: ε1s 10-15 | BB15: =BB14*1.25 -> -0.00062213306 | BI15: t0i, fic | BJ15: =BJ14*(BJ10+10)*BL9/30 -> 225 | BK15: ε1s 10-15 | BL15: =BL14*1.25 -> -0.00062213306
A16: t∞, fic | B16: =B14*(B10+10)*D10/30 -> 30000 | C16: ε1s adotado | D16: =IF(B11<5,D13,IF(B11<10,D14,D15)) -> -0.00037327983 | K16: t∞, fic | L16: =L14*(L10+10)*N10/30 -> 30000 | M16: ε1s adotado | N16: =IF(L11<5,N13,IF(L11<10,N14,N15)) -> -0.00037327983 | U16: t∞, fic | V16: =V14*(V10+10)*X10/30 -> 30000 | W16: ε1s adotado | X16: =IF(V11<5,X13,IF(V11<10,X14,X15)) -> -0.00037327983 | AE16: t∞, fic | AF16: =AF14*(AF10+10)*AH10/30 -> 30000 | AG16: ε1s adotado | AH16: =IF(AF11<5,AH13,IF(AF11<10,AH14,AH15)) -> -0.00037327983 | AO16: t∞, fic | AP16: =AP14*(AP10+10)*AR10/30 -> 30000 | AQ16: ε1s adotado | AR16: =IF(AP11<5,AR13,IF(AP11<10,AR14,AR15)) -> -0.00037327983 | AY16: t∞, fic | AZ16: =AZ14*(AZ10+10)*BB10/30 -> 30000 | BA16: ε1s adotado | BB16: =IF(AZ11<5,BB13,IF(AZ11<10,BB14,BB15)) -> -0.00037327983 | BI16: t∞, fic | BJ16: =BJ14*(BJ10+10)*BL10/30 -> 30000 | BK16: ε1s adotado | BL16: =IF(BJ11<5,BL13,IF(BJ11<10,BL14,BL15)) -> -0.00037327983
A17: s | B17: =VLOOKUP(D8,F8:I10,2,FALSE) -> 0.2 | C17: ε2s | D17: =(33+2*B29)/(20.8+3*B29) -> 1.1538368 | K17: s | L17: =VLOOKUP(N8,P8:S10,2,FALSE) -> 0.2 | M17: ε2s | N17: =(33+2*L29)/(20.8+3*L29) -> 1.1538368 | U17: s | V17: =VLOOKUP(X8,Z8:AC10,2,FALSE) -> 0.2 | W17: ε2s | X17: =(33+2*V29)/(20.8+3*V29) -> 1.0893507 | AE17: s | AF17: =VLOOKUP(AH8,AJ8:AM10,2,FALSE) -> 0.2 | AG17: ε2s | AH17: =(33+2*AF29)/(20.8+3*AF29) -> 0.98258634 | AO17: s | AP17: =VLOOKUP(AR8,AT8:AW10,2,FALSE) -> 0.2 | AQ17: ε2s | AR17: =(33+2*AP29)/(20.8+3*AP29) -> 0.90994132 | AY17: s | AZ17: =VLOOKUP(BB8,BD8:BG10,2,FALSE) -> 0.2 | BA17: ε2s | BB17: =(33+2*AZ29)/(20.8+3*AZ29) -> 0.81743097 | BI17: s | BJ17: =VLOOKUP(BL8,BN8:BQ10,2,FALSE) -> 0.2 | BK17: ε2s | BL17: =(33+2*BJ29)/(20.8+3*BJ29) -> 0.81743097
A18: fc (t0) | B18: =EXP(B17*(1-(28/B15)^(1/2))) -> 0.66298024 | C18: εcs∞ | D18: =D17*D16 -> -0.000430704 | K18: fc (t0) | L18: =EXP(L17*(1-(28/L15)^(1/2))) -> 0.92936658 | M18: εcs∞ | N18: =N17*N16 -> -0.000430704 | U18: fc (t0) | V18: =EXP(V17*(1-(28/V15)^(1/2))) -> 1.0431426 | W18: εcs∞ | X18: =X17*X16 -> -0.00040663263 | AE18: fc (t0) | AF18: =EXP(AF17*(1-(28/AF15)^(1/2))) -> 1.0924745 | AG18: εcs∞ | AH18: =AH17*AH16 -> -0.00036677966 | AO18: fc (t0) | AP18: =EXP(AP17*(1-(28/AP15)^(1/2))) -> 1.1150687 | AQ18: εcs∞ | AR18: =AR17*AR16 -> -0.00033966275 | AY18: fc (t0) | AZ18: =EXP(AZ17*(1-(28/AZ15)^(1/2))) -> 1.1287592 | BA18: εcs∞ | BB18: =BB17*BB16 -> -0.0003051305 | BI18: fc (t0) | BJ18: =EXP(BJ17*(1-(28/BJ15)^(1/2))) -> 1.1381984 | BK18: εcs∞ | BL18: =BL17*BL16 -> -0.0003051305
A19: fc (t∞) | B19: =EXP(B17*(1-(0)^(1/2))) -> 1.2214028 | C19: α | D19: =VLOOKUP(D8,F8:I10,4,FALSE) -> 1 | K19: fc (t∞) | L19: =EXP(L17*(1-(0)^(1/2))) -> 1.2214028 | M19: α | N19: =VLOOKUP(N8,P8:S10,4,FALSE) -> 1 | U19: fc (t∞) | V19: =EXP(V17*(1-(0)^(1/2))) -> 1.2214028 | W19: α | X19: =VLOOKUP(X8,Z8:AC10,4,FALSE) -> 1 | AE19: fc (t∞) | AF19: =EXP(AF17*(1-(0)^(1/2))) -> 1.2214028 | AG19: α | AH19: =VLOOKUP(AH8,AJ8:AM10,4,FALSE) -> 1 | AO19: fc (t∞) | AP19: =EXP(AP17*(1-(0)^(1/2))) -> 1.2214028 | AQ19: α | AR19: =VLOOKUP(AR8,AT8:AW10,4,FALSE) -> 1 | AY19: fc (t∞) | AZ19: =EXP(AZ17*(1-(0)^(1/2))) -> 1.2214028 | BA19: α | BB19: =VLOOKUP(BB8,BD8:BG10,4,FALSE) -> 1 | BI19: fc (t∞) | BJ19: =EXP(BJ17*(1-(0)^(1/2))) -> 1.2214028 | BK19: α | BL19: =VLOOKUP(BL8,BN8:BQ10,4,FALSE) -> 1
A20: φa fck<=45 | B20: =0.8*(1-B18/B19) -> 0.36575815 | C20: t0i, fic | D20: =D19*(B10+10)*D9/30 -> 1 | K20: φa fck<=45 | L20: =0.8*(1-L18/L19) -> 0.1912792 | M20: t0i, fic | N20: =N19*(L10+10)*N9/30 -> 5 | U20: φa fck<=45 | V20: =0.8*(1-V18/V19) -> 0.11675767 | W20: t0i, fic | X20: =X19*(V10+10)*X9/30 -> 15 | AE20: φa fck<=45 | AF20: =0.8*(1-AF18/AF19) -> 0.084446007 | AG20: t0i, fic | AH20: =AH19*(AF10+10)*AH9/30 -> 30 | AO20: φa fck<=45 | AP20: =0.8*(1-AP18/AP19) -> 0.069647188 | AQ20: t0i, fic | AR20: =AR19*(AP10+10)*AR9/30 -> 45 | AY20: φa fck<=45 | AZ20: =0.8*(1-AZ18/AZ19) -> 0.060680134 | BA20: t0i, fic | BB20: =BB19*(AZ10+10)*BB9/30 -> 60 | BI20: φa fck<=45 | BJ20: =0.8*(1-BJ18/BJ19) -> 0.054497596 | BK20: t0i, fic | BL20: =BL19*(BJ10+10)*BL9/30 -> 75
A21: φa fck>45 | B21: =1.4*(1-B18/B19) -> 0.64007676 | C21: t∞, fic | D21: =D19*(B10+10)*D10/30 -> 10000 | K21: φa fck>45 | L21: =1.4*(1-L18/L19) -> 0.3347386 | M21: t∞, fic | N21: =N19*(L10+10)*N10/30 -> 10000 | U21: φa fck>45 | V21: =1.4*(1-V18/V19) -> 0.20432592 | W21: t∞, fic | X21: =X19*(V10+10)*X10/30 -> 10000 | AE21: φa fck>45 | AF21: =1.4*(1-AF18/AF19) -> 0.14778051 | AG21: t∞, fic | AH21: =AH19*(AF10+10)*AH10/30 -> 10000 | AO21: φa fck>45 | AP21: =1.4*(1-AP18/AP19) -> 0.12188258 | AQ21: t∞, fic | AR21: =AR19*(AP10+10)*AR10/30 -> 10000 | AY21: φa fck>45 | AZ21: =1.4*(1-AZ18/AZ19) -> 0.10619023 | BA21: t∞, fic | BB21: =BB19*(AZ10+10)*BB10/30 -> 10000 | BI21: φa fck>45 | BJ21: =1.4*(1-BJ18/BJ19) -> 0.095370792 | BK21: t∞, fic | BL21: =BL19*(BJ10+10)*BL10/30 -> 10000
A22: φa adotado | B22: =IF(D7<=45,B20,B21) -> 0.64007676 | C22: hfic | D22: =B29/100 -> 0.061581469 | K22: φa adotado | L22: =IF(N7<=45,L20,L21) -> 0.3347386 | M22: hfic | N22: =L29/100 -> 0.061581469 | U22: φa adotado | V22: =IF(X7<=45,V20,V21) -> 0.20432592 | W22: hfic | X22: =V29/100 -> 0.08155428 | AE22: φa adotado | AF22: =IF(AH7<=45,AF20,AF21) -> 0.14778051 | AG22: hfic | AH22: =AF29/100 -> 0.1325464 | AO22: φa adotado | AP22: =IF(AR7<=45,AP20,AP21) -> 0.12188258 | AQ22: hfic | AR22: =AP29/100 -> 0.19283034 | AY22: φa adotado | AZ22: =IF(BB7<=45,AZ20,AZ21) -> 0.10619023 | BA22: hfic | BB22: =AZ29/100 -> 0.35369636 | BI22: φa adotado | BJ22: =IF(BL7<=45,BJ20,BJ21) -> 0.095370792 | BK22: hfic | BL22: =BJ29/100 -> 0.35369636
A23: Deformação lenta irrev. | C23: A | D23: 40 | K23: Deformação lenta irrev. | M23: A | N23: 40 | U23: Deformação lenta irrev. | W23: A | X23: 40 | AE23: Deformação lenta irrev. | AG23: A | AH23: 40 | AO23: Deformação lenta irrev. | AQ23: A | AR23: 40 | AY23: Deformação lenta irrev. | BA23: A | BB23: 40 | BI23: Deformação lenta irrev. | BK23: A | BL23: 40
A24: φ1c 0-4 | B24: =B25*0.75 -> 1.5 | C24: B | D24: =116*D22^3-282*D22^2+220*D22-4.8 -> 7.705591 | K24: φ1c 0-4 | L24: =L25*0.75 -> 1.5 | M24: B | N24: =116*N22^3-282*N22^2+220*N22-4.8 -> 7.705591 | U24: φ1c 0-4 | V24: =V25*0.75 -> 1.5 | W24: B | X24: =116*X22^3-282*X22^2+220*X22-4.8 -> 11.329253 | AE24: φ1c 0-4 | AF24: =AF25*0.75 -> 1.5 | AG24: B | AH24: =116*AH22^3-282*AH22^2+220*AH22-4.8 -> 19.676 | AO24: φ1c 0-4 | AP24: =AP25*0.75 -> 1.5 | AQ24: B | AR24: =116*AR22^3-282*AR22^2+220*AR22-4.8 -> 27.96865 | AY24: φ1c 0-4 | AZ24: =AZ25*0.75 -> 1.5 | BA24: B | BB24: =116*BB22^3-282*BB22^2+220*BB22-4.8 -> 42.86743 | BI24: φ1c 0-4 | BJ24: =BJ25*0.75 -> 1.5 | BK24: B | BL24: =116*BL22^3-282*BL22^2+220*BL22-4.8 -> 42.86743
A25: φ1c 5-9 | B25: =4.45-0.035*B9 -> 2 | C25: C | D25: =2.5*D22^3-8.8*D22+40.7 -> 40.158667 | K25: φ1c 5-9 | L25: =4.45-0.035*L9 -> 2 | M25: C | N25: =2.5*N22^3-8.8*N22+40.7 -> 40.158667 | U25: φ1c 5-9 | V25: =4.45-0.035*V9 -> 2 | W25: C | X25: =2.5*X22^3-8.8*X22+40.7 -> 39.983678 | AE25: φ1c 5-9 | AF25: =4.45-0.035*AF9 -> 2 | AG25: C | AH25: =2.5*AH22^3-8.8*AH22+40.7 -> 39.539413 | AO25: φ1c 5-9 | AP25: =4.45-0.035*AP9 -> 2 | AQ25: C | AR25: =2.5*AR22^3-8.8*AR22+40.7 -> 39.021018 | AY25: φ1c 5-9 | AZ25: =4.45-0.035*AZ9 -> 2 | BA25: C | BB25: =2.5*BB22^3-8.8*BB22+40.7 -> 37.698092 | BI25: φ1c 5-9 | BJ25: =4.45-0.035*BJ9 -> 2 | BK25: C | BL25: =2.5*BL22^3-8.8*BL22+40.7 -> 37.698092
A26: φ1c 10-15 | B26: =B25*1.25 -> 2.5 | C26: D | D26: =-75*D22^3+585*D22^2+496*D22-6.8 -> 25.945376 | K26: φ1c 10-15 | L26: =L25*1.25 -> 2.5 | M26: D | N26: =-75*N22^3+585*N22^2+496*N22-6.8 -> 25.945376 | U26: φ1c 10-15 | V26: =V25*1.25 -> 2.5 | W26: D | X26: =-75*X22^3+585*X22^2+496*X22-6.8 -> 37.501135 | AE26: φ1c 10-15 | AF26: =AF25*1.25 -> 2.5 | AG26: D | AH26: =-75*AH22^3+585*AH22^2+496*AH22-6.8 -> 69.045964 | AO26: φ1c 10-15 | AP26: =AP25*1.25 -> 2.5 | AQ26: D | AR26: =-75*AR22^3+585*AR22^2+496*AR22-6.8 -> 110.05846 | AY26: φ1c 10-15 | AZ26: =AZ25*1.25 -> 2.5 | BA26: D | BB26: =-75*BB22^3+585*BB22^2+496*BB22-6.8 -> 238.49896 | BI26: φ1c 10-15 | BJ26: =BJ25*1.25 -> 2.5 | BK26: D | BL26: =-75*BL22^3+585*BL22^2+496*BL22-6.8 -> 238.49896
A27: φ1 adotado | B27: =IF(B11<5,B24,IF(B11<10,B25,B26)) -> 1.5 | C27: E | D27: =-169*D22^4+88*D22^3+584*D22^2-39*D22+0.8 -> 0.63113322 | K27: φ1 adotado | L27: =IF(L11<5,L24,IF(L11<10,L25,L26)) -> 1.5 | M27: E | N27: =-169*N22^4+88*N22^3+584*N22^2-39*N22+0.8 -> 0.63113322 | U27: φ1 adotado | V27: =IF(V11<5,V24,IF(V11<10,V25,V26)) -> 1.5 | W27: E | X27: =-169*X22^4+88*X22^3+584*X22^2-39*X22+0.8 -> 1.5438832 | AE27: φ1 adotado | AF27: =IF(AF11<5,AF24,IF(AF11<10,AF25,AF26)) -> 1.5 | AG27: E | AH27: =-169*AH22^4+88*AH22^3+584*AH22^2-39*AH22+0.8 -> 6.0434806 | AO27: φ1 adotado | AP27: =IF(AP11<5,AP24,IF(AP11<10,AP25,AP26)) -> 1.5 | AQ27: E | AR27: =-169*AR22^4+88*AR22^3+584*AR22^2-39*AR22+0.8 -> 15.392112 | AY27: φ1 adotado | AZ27: =IF(AZ11<5,AZ24,IF(AZ11<10,AZ25,AZ26)) -> 1.5 | BA27: E | BB27: =-169*BB22^4+88*BB22^3+584*BB22^2-39*BB22+0.8 -> 61.3138 | BI27: φ1 adotado | BJ27: =IF(BJ11<5,BJ24,IF(BJ11<10,BJ25,BJ26)) -> 1.5 | BK27: E | BL27: =-169*BL22^4+88*BL22^3+584*BL22^2-39*BL22+0.8 -> 61.3138
A28: γ | B28: =1+EXP(-7.8+0.1*B9) -> 1.449329 | C28: βs (t0i,fic) | D28: =((D20/100)^3+D23*(D20/100)^2+D24*(D20/100))/((D20/100)^3+D25*(D20/100)^2+D26*(D20/100)+D27) -> 0.090606485 | K28: γ | L28: =1+EXP(-7.8+0.1*L9) -> 1.449329 | M28: βs (t0i,fic) | N28: =((N20/100)^3+N23*(N20/100)^2+N24*(N20/100))/((N20/100)^3+N25*(N20/100)^2+N26*(N20/100)+N27) -> 0.23924239 | U28: γ | V28: =1+EXP(-7.8+0.1*V9) -> 1.449329 | W28: βs (t0i,fic) | X28: =((X20/100)^3+X23*(X20/100)^2+X24*(X20/100))/((X20/100)^3+X25*(X20/100)^2+X26*(X20/100)+X27) -> 0.32244093 | AE28: γ | AF28: =1+EXP(-7.8+0.1*AF9) -> 1.449329 | AG28: βs (t0i,fic) | AH28: =((AH20/100)^3+AH23*(AH20/100)^2+AH24*(AH20/100))/((AH20/100)^3+AH25*(AH20/100)^2+AH26*(AH20/100)+AH27) -> 0.31407104 | AO28: γ | AP28: =1+EXP(-7.8+0.1*AP9) -> 1.449329 | AQ28: βs (t0i,fic) | AR28: =((AR20/100)^3+AR23*(AR20/100)^2+AR24*(AR20/100))/((AR20/100)^3+AR25*(AR20/100)^2+AR26*(AR20/100)+AR27) -> 0.28496292 | AY28: γ | AZ28: =1+EXP(-7.8+0.1*AZ9) -> 1.449329 | BA28: βs (t0i,fic) | BB28: =((BB20/100)^3+BB23*(BB20/100)^2+BB24*(BB20/100))/((BB20/100)^3+BB25*(BB20/100)^2+BB26*(BB20/100)+BB27) -> 0.18485962 | BI28: γ | BJ28: =1+EXP(-7.8+0.1*BJ9) -> 1.449329 | BK28: βs (t0i,fic) | BL28: =((BL20/100)^3+BL23*(BL20/100)^2+BL24*(BL20/100))/((BL20/100)^3+BL25*(BL20/100)^2+BL26*(BL20/100)+BL27) -> 0.21034865
A29: hfic | B29: =B28*2*B7/(B8) -> 6.1581469 | C29: βs (t∞, fic) | D29: =((D21/100)^3+D23*(D21/100)^2+D24*(D21/100))/((D21/100)^3+D25*(D21/100)^2+D26*(D21/100)+D27) -> 0.99757063 | K29: hfic | L29: =L28*2*L7/(L8) -> 6.1581469 | M29: βs (t∞, fic) | N29: =((N21/100)^3+N23*(N21/100)^2+N24*(N21/100))/((N21/100)^3+N25*(N21/100)^2+N26*(N21/100)+N27) -> 0.99757063 | U29: hfic | V29: =V28*2*V7/(V8) -> 8.155428 | W29: βs (t∞, fic) | X29: =((X21/100)^3+X23*(X21/100)^2+X24*(X21/100))/((X21/100)^3+X25*(X21/100)^2+X26*(X21/100)+X27) -> 0.99825054 | AE29: hfic | AF29: =AF28*2*AF7/(AF8) -> 13.25464 | AG29: βs (t∞, fic) | AH29: =((AH21/100)^3+AH23*(AH21/100)^2+AH24*(AH21/100))/((AH21/100)^3+AH25*(AH21/100)^2+AH26*(AH21/100)+AH27) -> 0.99975956 | AO29: hfic | AP29: =AP28*2*AP7/(AP8) -> 19.283034 | AQ29: βs (t∞, fic) | AR29: =((AR21/100)^3+AR23*(AR21/100)^2+AR24*(AR21/100))/((AR21/100)^3+AR25*(AR21/100)^2+AR26*(AR21/100)+AR27) -> 1.0011172 | AY29: hfic | AZ29: =AZ28*2*AZ7/(AZ8) -> 35.369636 | BA29: βs (t∞, fic) | BB29: =((BB21/100)^3+BB23*(BB21/100)^2+BB24*(BB21/100))/((BB21/100)^3+BB25*(BB21/100)^2+BB26*(BB21/100)+BB27) -> 1.0024232 | BI29: hfic | BJ29: =BJ28*2*BJ7/(BJ8) -> 35.369636 | BK29: βs (t∞, fic) | BL29: =((BL21/100)^3+BL23*(BL21/100)^2+BL24*(BL21/100))/((BL21/100)^3+BL25*(BL21/100)^2+BL26*(BL21/100)+BL27) -> 1.0024232
A30: φ2c | B30: =(42+B29)/(20+B29) -> 1.8410382 | C30: εcs (t, t0) | D30: =D18*(D29-D28) -> -0.00039063308 | K30: φ2c | L30: =(42+L29)/(20+L29) -> 1.8410382 | M30: εcs (t, t0) | N30: =N18*(N29-N28) -> -0.000326615 | U30: φ2c | V30: =(42+V29)/(20+V29) -> 1.7813769 | W30: εcs (t, t0) | X30: =X18*(X29-X28) -> -0.00027480624 | AE30: φ2c | AF30: =(42+AF29)/(20+AF29) -> 1.6615618 | AG30: εcs (t, t0) | AH30: =AH18*(AH29-AH28) -> -0.00025149661 | AO30: φ2c | AP30: =(42+AP29)/(20+AP29) -> 1.5600382 | AQ30: εcs (t, t0) | AR30: =AR18*(AR29-AR28) -> -0.00024325092 | AY30: φ2c | AZ30: =(42+AZ29)/(20+AZ29) -> 1.3973297 | BA30: εcs (t, t0) | BB30: =BB18*(BB29-BB28) -> -0.00024946358 | BI30: φ2c | BJ30: =(42+BJ29)/(20+BJ29) -> 1.3973297 | BK30: εcs (t, t0) | BL30: =BL18*(BL29-BL28) -> -0.00024168609
A31: φf∞<=45 | B31: =B27*B30 -> 2.7615573 | K31: φf∞<=45 | L31: =L27*L30 -> 2.7615573 | U31: φf∞<=45 | V31: =V27*V30 -> 2.6720653 | AE31: φf∞<=45 | AF31: =AF27*AF30 -> 2.4923427 | AO31: φf∞<=45 | AP31: =AP27*AP30 -> 2.3400573 | AY31: φf∞<=45 | AZ31: =AZ27*AZ30 -> 2.0959945 | BI31: φf∞<=45 | BJ31: =BJ27*BJ30 -> 2.0959945
A32: φf∞>45 | B32: =0.45*B27*B30 -> 1.2427008 | K32: φf∞>45 | L32: =0.45*L27*L30 -> 1.2427008 | U32: φf∞>45 | V32: =0.45*V27*V30 -> 1.2024294 | AE32: φf∞>45 | AF32: =0.45*AF27*AF30 -> 1.1215542 | AO32: φf∞>45 | AP32: =0.45*AP27*AP30 -> 1.0530258 | AY32: φf∞>45 | AZ32: =0.45*AZ27*AZ30 -> 0.94319754 | BI32: φf∞>45 | BJ32: =0.45*BJ27*BJ30 -> 0.94319754
A33: φf∞ adotado | B33: =IF(D7<50,B31,B32) -> 1.2427008 | K33: φf∞ adotado | L33: =IF(N7<50,L31,L32) -> 1.2427008 | U33: φf∞ adotado | V33: =IF(X7<50,V31,V32) -> 1.2024294 | AE33: φf∞ adotado | AF33: =IF(AH7<50,AF31,AF32) -> 1.1215542 | AO33: φf∞ adotado | AP33: =IF(AR7<50,AP31,AP32) -> 1.0530258 | AY33: φf∞ adotado | AZ33: =IF(BB7<50,AZ31,AZ32) -> 0.94319754 | BI33: φf∞ adotado | BJ33: =IF(BL7<50,BJ31,BJ32) -> 0.94319754
A34: deformação lenta reversível | K34: deformação lenta reversível | U34: deformação lenta reversível | AE34: deformação lenta reversível | AO34: deformação lenta reversível | AY34: deformação lenta reversível | BI34: deformação lenta reversível
A35: φd | B35: 0.4 | K35: φd | L35: 0.4 | U35: φd | V35: 0.4 | AE35: φd | AF35: 0.4 | AO35: φd | AP35: 0.4 | AY35: φd | AZ35: 0.4 | BI35: φd | BJ35: 0.4
A36: βd (t) | B36: =(B16-B15+20)/(B16-B15+70) -> 0.99833705 | K36: βd (t) | L36: =(L16-L15+20)/(L16-L15+70) -> 0.99833638 | U36: βd (t) | V36: =(V16-V15+20)/(V16-V15+70) -> 0.99833472 | AE36: βd (t) | AF36: =(AF16-AF15+20)/(AF16-AF15+70) -> 0.99833222 | AO36: βd (t) | AP36: =(AP16-AP15+20)/(AP16-AP15+70) -> 0.99832971 | AY36: βd (t) | AZ36: =(AZ16-AZ15+20)/(AZ16-AZ15+70) -> 0.9983272 | BI36: βd (t) | BJ36: =(BJ16-BJ15+20)/(BJ16-BJ15+70) -> 0.99832468
A37: hfic | B37: =IF(B29/100<0.05,0.05,IF(B29/100>1.6,1.6,B29/100)) -> 0.061581469 | K37: hfic | L37: =IF(L29/100<0.05,0.05,IF(L29/100>1.6,1.6,L29/100)) -> 0.061581469 | U37: hfic | V37: =IF(V29/100<0.05,0.05,IF(V29/100>1.6,1.6,V29/100)) -> 0.08155428 | AE37: hfic | AF37: =IF(AF29/100<0.05,0.05,IF(AF29/100>1.6,1.6,AF29/100)) -> 0.1325464 | AO37: hfic | AP37: =IF(AP29/100<0.05,0.05,IF(AP29/100>1.6,1.6,AP29/100)) -> 0.19283034 | AY37: hfic | AZ37: =IF(AZ29/100<0.05,0.05,IF(AZ29/100>1.6,1.6,AZ29/100)) -> 0.35369636 | BI37: hfic | BJ37: =IF(BJ29/100<0.05,0.05,IF(BJ29/100>1.6,1.6,BJ29/100)) -> 0.35369636
A38: A | B38: =42*(B37)^3-350*(B37)^2+588*(B37)+113 -> 147.89242 | K38: A | L38: =42*(L37)^3-350*(L37)^2+588*(L37)+113 -> 147.89242 | U38: A | V38: =42*(V37)^3-350*(V37)^2+588*(V37)+113 -> 158.64881 | AE38: A | AF38: =42*(AF37)^3-350*(AF37)^2+588*(AF37)+113 -> 184.88609 | AO38: A | AP38: =42*(AP37)^3-350*(AP37)^2+588*(AP37)+113 -> 213.67115 | AY38: A | AZ38: =42*(AZ37)^3-350*(AZ37)^2+588*(AZ37)+113 -> 279.04648 | BI38: A | BJ38: =42*(BJ37)^3-350*(BJ37)^2+588*(BJ37)+113 -> 279.04648
A39: B | B39: =768*(B37)^3-3060*(B37)^2+3234*(B37)-23 -> 164.72946 | K39: B | L39: =768*(L37)^3-3060*(L37)^2+3234*(L37)-23 -> 164.72946 | U39: B | V39: =768*(V37)^3-3060*(V37)^2+3234*(V37)-23 -> 220.81076 | AE39: B | AF39: =768*(AF37)^3-3060*(AF37)^2+3234*(AF37)-23 -> 353.68369 | AO39: B | AP39: =768*(AP37)^3-3060*(AP37)^2+3234*(AP37)-23 -> 492.33833 | AY39: B | AZ39: =768*(AZ37)^3-3060*(AZ37)^2+3234*(AZ37)-23 -> 772.02693 | BI39: B | BJ39: =768*(BJ37)^3-3060*(BJ37)^2+3234*(BJ37)-23 -> 772.02693
A40: C | B40: =-200*(B37)^3+13*(B37)^2+1090*(B37)+183 -> 250.12639 | K40: C | L40: =-200*(L37)^3+13*(L37)^2+1090*(L37)+183 -> 250.12639 | U40: C | V40: =-200*(V37)^3+13*(V37)^2+1090*(V37)+183 -> 271.87214 | AE40: C | AF40: =-200*(AF37)^3+13*(AF37)^2+1090*(AF37)+183 -> 327.23823 | AO40: C | AP40: =-200*(AP37)^3+13*(AP37)^2+1090*(AP37)+183 -> 392.23443 | AY40: C | AZ40: =-200*(AZ37)^3+13*(AZ37)^2+1090*(AZ37)+183 -> 561.30578 | BI40: C | BJ40: =-200*(BJ37)^3+13*(BJ37)^2+1090*(BJ37)+183 -> 561.30578
A41: D | B41: =7579*(B37)^3-31916*(B37)^2+35343*(B37)+1931 -> 3988.2095 | K41: D | L41: =7579*(L37)^3-31916*(L37)^2+35343*(L37)+1931 -> 3988.2095 | U41: D | V41: =7579*(V37)^3-31916*(V37)^2+35343*(V37)+1931 -> 4605.2074 | AE41: D | AF41: =7579*(AF37)^3-31916*(AF37)^2+35343*(AF37)+1931 -> 6072.5184 | AO41: D | AP41: =7579*(AP37)^3-31916*(AP37)^2+35343*(AP37)+1931 -> 7613.7951 | AY41: D | AZ41: =7579*(AZ37)^3-31916*(AZ37)^2+35343*(AZ37)+1931 -> 10774.317 | BI41: D | BJ41: =7579*(BJ37)^3-31916*(BJ37)^2+35343*(BJ37)+1931 -> 10774.317
A42: βf (t0i,fic) | B42: =(B15^2+B38*B15+B39)/(B15^2+B40*B15+B41) -> 0.13004638 | K42: βf (t0i,fic) | L42: =(L15^2+L38*L15+L39)/(L15^2+L40*L15+L41) -> 0.32744271 | U42: βf (t0i,fic) | V42: =(V15^2+V38*V15+V39)/(V15^2+V40*V15+V41) -> 0.4974969 | AE42: βf (t0i,fic) | AF42: =(AF15^2+AF38*AF15+AF39)/(AF15^2+AF40*AF15+AF41) -> 0.57522133 | AO42: βf (t0i,fic) | AP42: =(AP15^2+AP38*AP15+AP39)/(AP15^2+AP40*AP15+AP41) -> 0.60366386 | AY42: βf (t0i,fic) | AZ42: =(AZ15^2+AZ38*AZ15+AZ39)/(AZ15^2+AZ40*AZ15+AZ41) -> 0.57832858 | BI42: βf (t0i,fic) | BJ42: =(BJ15^2+BJ38*BJ15+BJ39)/(BJ15^2+BJ40*BJ15+BJ41) -> 0.60834667
A43: βf (t∞, fic) | B43: =(B16^2+B38*B16+B39)/(B16^2+B40*B16+B41) -> 0.99661618 | K43: βf (t∞, fic) | L43: =(L16^2+L38*L16+L39)/(L16^2+L40*L16+L41) -> 0.99661618 | U43: βf (t∞, fic) | V43: =(V16^2+V38*V16+V39)/(V16^2+V40*V16+V41) -> 0.99625498 | AE43: βf (t∞, fic) | AF43: =(AF16^2+AF38*AF16+AF39)/(AF16^2+AF40*AF16+AF41) -> 0.99529987 | AO43: βf (t∞, fic) | AP43: =(AP16^2+AP38*AP16+AP39)/(AP16^2+AP40*AP16+AP41) -> 0.99411695 | AY43: βf (t∞, fic) | AZ43: =(AZ16^2+AZ38*AZ16+AZ39)/(AZ16^2+AZ40*AZ16+AZ41) -> 0.99075336 | BI43: βf (t∞, fic) | BJ43: =(BJ16^2+BJ38*BJ16+BJ39)/(BJ16^2+BJ40*BJ16+BJ41) -> 0.99075336
A44: φ (t,t0) | B44: =B22+B33*(B43-B42)+B35*B36 -> 2.1162985 | K44: φ (t,t0) | L44: =L22+L33*(L43-L42)+L35*L36 -> 1.5656555 | U44: φ (t,t0) | V44: =V22+V33*(V43-V42)+V35*V36 -> 1.2033812 | AE44: φ (t,t0) | AF44: =AF22+AF33*(AF43-AF42)+AF35*AF36 -> 1.0182543 | AO44: φ (t,t0) | AP44: =AP22+AP33*(AP43-AP42)+AP35*AP36 -> 0.93237164 | AY44: φ (t,t0) | AZ44: =AZ22+AZ33*(AZ43-AZ42)+AZ35*AZ36 -> 0.89451916 | BI44: φ (t,t0) | BJ44: =BJ22+BJ33*(BJ43-BJ42)+BJ35*BJ36 -> 0.85538571
N49: Seção Solidarizada
A54: DADOS DE ENTRADA | F54: AUXÍLIO | K54: DADOS DE ENTRADA | P54: AUXÍLIO | U54: DADOS DE ENTRADA | Z54: AUXÍLIO | AE54: DADOS DE ENTRADA | AJ54: AUXÍLIO
A55: Ac | B55: =Geometria!$H$22*Geometria!$H$33 -> 625 | C55: fck | D55: =Geometria!H59 -> 30 | F55: Tipo Cimento | G55: s | H55: α fluência | I55: α retração | K55: Ac | L55: =Geometria!$H$22*Geometria!$H$33 -> 625 | M55: fck | N55: =Geometria!H59 -> 30 | P55: Tipo Cimento | Q55: s | R55: α fluência | S55: α retração | U55: Ac | V55: =Geometria!$H$22*Geometria!$H$33 -> 625 | W55: fck | X55: =Geometria!H59 -> 30 | Z55: Tipo Cimento | AA55: s | AB55: α fluência | AC55: α retração | AE55: Ac | AF55: =Geometria!$H$22*Geometria!$H$33 -> 625 | AG55: fck | AH55: =Geometria!H59 -> 30 | AJ55: Tipo Cimento | AK55: s | AL55: α fluência | AM55: α retração
A56: uar | B56: =Geometria!$H$22 -> 125 | C56: Cimento | D56: =Geometria!H63 -> CPI E CPII | F56: CPI E CPII | G56: 0.25 | H56: 2 | I56: 1 | K56: uar | L56: =B56 -> 125 | M56: Cimento | N56: =D56 -> CPI E CPII | P56: CPI E CPII | Q56: 0.25 | R56: 2 | S56: 1 | U56: uar | V56: =L56 -> 125 | W56: Cimento | X56: =N56 -> CPI E CPII | Z56: CPI E CPII | AA56: 0.25 | AB56: 2 | AC56: 1 | AE56: uar | AF56: =V56 -> 125 | AG56: Cimento | AH56: =X56 -> CPI E CPII | AJ56: CPI E CPII | AK56: 0.25 | AL56: 2 | AM56: 1
A57: U (umid.) | B57: =Geometria!$H$209 -> 70 | C57: Δtef,i | D57: =Geometria!$K$204 -> 1 | F57: CPIII e CPIV | G57: 0.38 | H57: 1 | I57: 1 | K57: U (umid.) | L57: =Geometria!$H$209 -> 70 | M57: Δtef,i | N57: =Geometria!$K$205 -> 15 | P57: CPIII e CPIV | Q57: 0.38 | R57: 1 | S57: 1 | U57: U (umid.) | V57: =Geometria!$H$209 -> 70 | W57: Δtef,i | X57: =Geometria!$K$206 -> 30 | Z57: CPIII e CPIV | AA57: 0.38 | AB57: 1 | AC57: 1 | AE57: U (umid.) | AF57: =Geometria!$H$209 -> 70 | AG57: Δtef,i | AH57: =Geometria!$K$207 -> 45 | AJ57: CPIII e CPIV | AK57: 0.38 | AL57: 1 | AM57: 1
A58: Ti | B58: =Geometria!$L$209 -> 20 | C58: t∞ | D58: 10000 | F58: CPV-ARI | G58: 0.2 | H58: 3 | I58: 1 | K58: Ti | L58: =Geometria!$L$209 -> 20 | M58: t∞ | N58: 10000 | P58: CPV-ARI | Q58: 0.2 | R58: 3 | S58: 1 | U58: Ti | V58: =Geometria!$L$209 -> 20 | W58: t∞ | X58: 10000 | Z58: CPV-ARI | AA58: 0.2 | AB58: 3 | AC58: 1 | AE58: Ti | AF58: =Geometria!$L$209 -> 20 | AG58: t∞ | AH58: 10000 | AJ58: CPV-ARI | AK58: 0.2 | AL58: 3 | AM58: 1
A59: Slump | B59: =Geometria!$L$210 -> 12 | K59: Slump | L59: =Geometria!$L$210 -> 12 | U59: Slump | V59: =Geometria!$L$210 -> 12 | AE59: Slump | AF59: =Geometria!$L$210 -> 12
A60: COEFICIENTE DE FLUÊNCIA | C60: RETRAÇÃO DO CONCRETO | K60: COEFICIENTE DE FLUÊNCIA | M60: RETRAÇÃO DO CONCRETO | U60: COEFICIENTE DE FLUÊNCIA | W60: RETRAÇÃO DO CONCRETO | AE60: COEFICIENTE DE FLUÊNCIA | AG60: RETRAÇÃO DO CONCRETO
A61: Deformação rápida | C61: ε1s 0-4 | D61: =D62*0.75 -> -0.00037327983 | K61: Deformação rápida | M61: ε1s 0-4 | N61: =N62*0.75 -> -0.00037327983 | U61: Deformação rápida | W61: ε1s 0-4 | X61: =X62*0.75 -> -0.00037327983 | AE61: Deformação rápida | AG61: ε1s 0-4 | AH61: =AH62*0.75 -> -0.00037327983
A62: α | B62: =VLOOKUP(D56,F56:I58,3,FALSE) -> 2 | C62: ε1s 5-9 | D62: =(-8.09+(B57/15)-(B57^2/2284)-(B57^3/133765)+(B57^4/7608150))*10^-4 -> -0.00049770644 | K62: α | L62: =VLOOKUP(N56,P56:S58,3,FALSE) -> 2 | M62: ε1s 5-9 | N62: =(-8.09+(L57/15)-(L57^2/2284)-(L57^3/133765)+(L57^4/7608150))*10^-4 -> -0.00049770644 | U62: α | V62: =VLOOKUP(X56,Z56:AC58,3,FALSE) -> 2 | W62: ε1s 5-9 | X62: =(-8.09+(V57/15)-(V57^2/2284)-(V57^3/133765)+(V57^4/7608150))*10^-4 -> -0.00049770644 | AE62: α | AF62: =VLOOKUP(AH56,AJ56:AM58,3,FALSE) -> 2 | AG62: ε1s 5-9 | AH62: =(-8.09+(AF57/15)-(AF57^2/2284)-(AF57^3/133765)+(AF57^4/7608150))*10^-4 -> -0.00049770644
A63: t0i, fic | B63: =B62*(B58+10)*D57/30 -> 2 | C63: ε1s 10-15 | D63: =D62*1.25 -> -0.00062213306 | K63: t0i, fic | L63: =L62*(L58+10)*N57/30 -> 30 | M63: ε1s 10-15 | N63: =N62*1.25 -> -0.00062213306 | U63: t0i, fic | V63: =V62*(V58+10)*X57/30 -> 60 | W63: ε1s 10-15 | X63: =X62*1.25 -> -0.00062213306 | AE63: t0i, fic | AF63: =AF62*(AF58+10)*AH57/30 -> 90 | AG63: ε1s 10-15 | AH63: =AH62*1.25 -> -0.00062213306
A64: t∞, fic | B64: =B62*(B58+10)*D58/30 -> 20000 | C64: ε1s adotado | D64: =IF(B59<5,D61,IF(B59<10,D62,D63)) -> -0.00062213306 | K64: t∞, fic | L64: =L62*(L58+10)*N58/30 -> 20000 | M64: ε1s adotado | N64: =IF(L59<5,N61,IF(L59<10,N62,N63)) -> -0.00062213306 | U64: t∞, fic | V64: =V62*(V58+10)*X58/30 -> 20000 | W64: ε1s adotado | X64: =IF(V59<5,X61,IF(V59<10,X62,X63)) -> -0.00062213306 | AE64: t∞, fic | AF64: =AF62*(AF58+10)*AH58/30 -> 20000 | AG64: ε1s adotado | AH64: =IF(AF59<5,AH61,IF(AF59<10,AH62,AH63)) -> -0.00062213306
A65: s | B65: =VLOOKUP(D56,F56:I58,2,FALSE) -> 0.25 | C65: ε2s | D65: =(33+2*B77)/(20.8+3*B77) -> 0.96432336 | K65: s | L65: =VLOOKUP(N56,P56:S58,2,FALSE) -> 0.25 | M65: ε2s | N65: =(33+2*L77)/(20.8+3*L77) -> 0.96432336 | U65: s | V65: =VLOOKUP(X56,Z56:AC58,2,FALSE) -> 0.25 | W65: ε2s | X65: =(33+2*V77)/(20.8+3*V77) -> 0.96432336 | AE65: s | AF65: =VLOOKUP(AH56,AJ56:AM58,2,FALSE) -> 0.25 | AG65: ε2s | AH65: =(33+2*AF77)/(20.8+3*AF77) -> 0.96432336
A66: fc (t0) | B66: =EXP(B65*(1-(28/B63)^(1/2))) -> 0.5038814 | C66: εcs∞ | D66: =D65*D64 -> -0.00059993744 | K66: fc (t0) | L66: =EXP(L65*(1-(28/L63)^(1/2))) -> 1.0085131 | M66: εcs∞ | N66: =N65*N64 -> -0.00059993744 | U66: fc (t0) | V66: =EXP(V65*(1-(28/V63)^(1/2))) -> 1.0824397 | W66: εcs∞ | X66: =X65*X64 -> -0.00059993744 | AE66: fc (t0) | AF66: =EXP(AF65*(1-(28/AF63)^(1/2))) -> 1.1168996 | AG66: εcs∞ | AH66: =AH65*AH64 -> -0.00059993744
